2025-11-18T18:49:54.402543 - Hostname             | System ID  | Status     | OS        
2025-11-18T18:49:54.402863 - -----------------------------------------------------------------
2025-11-18T18:49:54.403712 - confusa01            | erwppa     | Allocated  |           
2025-11-18T18:49:54.403965 - incerta08            | e3hbwr     | New        |           
2025-11-18T18:49:54.404202 - omani002             | bqk3ge     | Deployed   |           
2025-11-18T18:49:54.404564 - smithi004            | 6kqcxb     | Deployed   | jammy     
2025-11-18T18:49:54.404778 - smithi015            | h8eaq4     | Ready      |           
2025-11-18T18:49:54.404992 - smithi034            | rnhtk4     | Allocated  |           
2025-11-18T18:49:54.405204 - smithi108            | x7et47     | Deployed   | 9-stream  
2025-11-18T18:49:54.405414 - smithi147            | p4f766     | Deployed   | 9-stream  
2025-11-18T18:49:54.405622 - incerta02            | 664qmy     | New        |           
2025-11-18T18:49:54.405848 - incerta03            | kqaxm3     | New        |           
2025-11-18T18:49:54.406070 - incerta04            | cm8a46     | New        |           
2025-11-18T18:49:54.406278 - adami01              | f3tqfp     | Deployed   | jammy     
2025-11-18T18:49:54.406489 - adami02              | 8k73pr     | Allocated  |           
2025-11-18T18:49:54.406694 - adami03              | rayt3b     | Allocated  |           
2025-11-18T18:49:54.406898 - adami04              | k48a4y     | Allocated  |           
2025-11-18T18:49:54.407103 - adami05              | 6tttwd     | Deployed   | jammy     
2025-11-18T18:49:54.407308 - adami06              | hsab36     | Allocated  |           
2025-11-18T18:49:54.407519 - adami07              | gnmttw     | Deployed   | jammy     
2025-11-18T18:49:54.407726 - adami08              | eant8f     | Deployed   | 9-stream  
2025-11-18T18:49:54.408168 - adami09              | a4dae7     | Deploying  | jammy     
2025-11-18T18:49:54.408457 - adami10              | m8hpw6     | Deployed   | 9-stream  
2025-11-18T18:49:54.408687 - confusa02            | ksdh6a     | Allocated  |           
2025-11-18T18:49:54.408915 - confusa03            | e7dwrh     | Allocated  |           
2025-11-18T18:49:54.409136 - confusa04            | 7ehyxt     | Allocated  |           
2025-11-18T18:49:54.409359 - confusa05            | pdawwb     | Allocated  |           
2025-11-18T18:49:54.409576 - confusa06            | enhefn     | Allocated  |           
2025-11-18T18:49:54.409795 - confusa07            | x8ktgh     | Allocated  |           
2025-11-18T18:49:54.410011 - confusa08            | g8pw3x     | Allocated  |           
2025-11-18T18:49:54.410234 - confusa10            | kkgf43     | Deployed   | 9-stream  
2025-11-18T18:49:54.410447 - confusa11            | b4tcdt     | Deployed   | noble     
2025-11-18T18:49:54.410664 - confusa12            | twyrs3     | Allocated  |           
2025-11-18T18:49:54.410881 - confusa13            | 78tdd3     | Failed commissioning |           
2025-11-18T18:49:54.411100 - confusa14            | w8ddrg     | Allocated  |           
2025-11-18T18:49:54.411313 - omani001             | wd7f36     | Allocated  |           
2025-11-18T18:49:54.411529 - omani003             | a47776     | Deployed   | noble     
2025-11-18T18:49:54.411748 - omani004             | qxafrm     | Deployed   | noble     
2025-11-18T18:49:54.411963 - omani005             | ayyn8e     | Allocated  |           
2025-11-18T18:49:54.412180 - omani006             | cte77n     | Broken     |           
2025-11-18T18:49:54.412395 - omani007             | rbx68a     | Allocated  |           
2025-11-18T18:49:54.412611 - omani008             | qsqedf     | Allocated  |           
2025-11-18T18:49:54.412826 - omani009             | np8y6f     | Failed commissioning |           
2025-11-18T18:49:54.413029 - omani010             | f3phwb     | Allocated  |           
2025-11-18T18:49:54.413231 - irvingi01            | kqrcx4     | Ready      |           
2025-11-18T18:49:54.413428 - irvingi02            | gghwhd     | Deployed   | jammy     
2025-11-18T18:49:54.413670 - irvingi03            | hw3h8x     | Deployed   | jammy     
2025-11-18T18:49:54.413870 - irvingi04            | n67y3g     | Deployed   | jammy     
2025-11-18T18:49:54.414066 - irvingi05            | wsskrw     | Deployed   | jammy     
2025-11-18T18:49:54.414262 - irvingi06            | cwfbm7     | Deployed   | jammy     
2025-11-18T18:49:54.414462 - irvingi07            | nabcab     | Deployed   | jammy     
2025-11-18T18:49:54.414661 - irvingi08            | kbykkp     | Ready      |           
2025-11-18T18:49:54.414860 - braggi01             | xxcwcs     | Deployed   | jammy     
2025-11-18T18:49:54.415059 - braggi02             | 7y8rp8     | Deployed   | jammy     
2025-11-18T18:49:54.415258 - braggi03             | xndrfr     | Deployed   | jammy     
2025-11-18T18:49:54.415456 - braggi04             | 43ptc8     | Deployed   | 9-stream  
2025-11-18T18:49:54.415657 - braggi05             | wcrhdk     | Allocated  |           
2025-11-18T18:49:54.415857 - braggi06             | qrebpa     | Deployed   | 9-stream  
2025-11-18T18:49:54.416058 - braggi07             | cec3xk     | Deployed   | 9-stream  
2025-11-18T18:49:54.416255 - braggi08             | 6m3f8y     | Allocated  |           
2025-11-18T18:49:54.416449 - braggi09             | cxpyab     | Allocated  |           
2025-11-18T18:49:54.416645 - braggi10             | n8etyc     | Allocated  |           
2025-11-18T18:49:54.416840 - braggi11             | x8c7d6     | Deployed   | jammy     
2025-11-18T18:49:54.417041 - braggi12             | hbrbsb     | Allocated  |           
2025-11-18T18:49:54.417239 - braggi13             | 6rqakh     | Allocated  |           
2025-11-18T18:49:54.417434 - braggi14             | xtysxg     | Deployed   | 9-stream  
2025-11-18T18:49:54.417633 - braggi15             | gyahnb     | Allocated  |           
2025-11-18T18:49:54.417873 - braggi16             | bgxfb7     | Deployed   | 9-stream  
2025-11-18T18:49:54.418164 - braggi17             | h74db3     | Deployed   | jammy     
2025-11-18T18:49:54.418369 - braggi18             | awbqm3     | Deployed   | noble     
2025-11-18T18:49:54.418567 - braggi22             | 4pp7aa     | Allocated  |           
2025-11-18T18:49:54.418767 - sulcata02            | pfh3pf     | Failed commissioning |           
2025-11-18T18:49:54.418975 - braggi20             | 4r44k6     | Deployed   | jammy     
2025-11-18T18:49:54.419176 - braggi19             | k7nfqc     | Deployed   | 9-stream  
2025-11-18T18:49:54.419381 - gibba004             | 7qcacw     | Deployed   | noble     
2025-11-18T18:49:54.419578 - gibba005             | ehfgy8     | Deployed   | noble     
2025-11-18T18:49:54.419774 - gibba006             | gqpysn     | Deployed   | noble     
2025-11-18T18:49:54.419976 - gibba008             | xynwxt     | Allocated  |           
2025-11-18T18:49:54.420173 - gibba009             | 8hfsy8     | Allocated  |           
2025-11-18T18:49:54.420374 - gibba010             | p8fsyp     | Allocated  |           
2025-11-18T18:49:54.420572 - gibba003             | aqk6pm     | Deployed   | noble     
2025-11-18T18:49:54.420766 - refarch-r220-01      | ekx4yy     | Deployed   | noble     
2025-11-18T18:49:54.420964 - refarch-r220-02      | g43rt7     | Deployed   | 9-stream  
2025-11-18T18:49:54.421159 - refarch-r220-04      | k3rg6d     | Deployed   | 9-stream  
2025-11-18T18:49:54.421362 - refarch-r220-05      | d4hweb     | Ready      |           
2025-11-18T18:49:54.421551 - refarch-r220-06      | pm3e7q     | Deployed   | noble     
2025-11-18T18:49:54.421793 - direct-cub           | 7xtrk6     | New        |           
2025-11-18T18:49:54.422034 - vast-piglet          | rqa7qy     | New        |           
2025-11-18T18:52:56.651605 - ID    | OS Type         | Release         | Architecture
2025-11-18T18:52:56.652999 - ------------------------------------------------------------
2025-11-18T18:52:56.653236 - 35    | centos          | 8               | amd64/generic
2025-11-18T18:52:56.653439 - 34    | centos          | centos70        | amd64/generic
2025-11-18T18:52:56.653749 - 1     | grub-efi-signed | uefi            | amd64/generic
2025-11-18T18:52:56.653947 - 2     | grub-efi        | uefi            | arm64/generic
2025-11-18T18:52:56.654132 - 3     | grub-ieee1275   | open-firmware   | ppc64el/generic
2025-11-18T18:52:56.654320 - 4     | pxelinux        | pxe             | i386/generic
2025-11-18T18:52:56.654507 - 19    | ubuntu          | jammy           | amd64/ga-22.04
2025-11-18T18:52:56.654689 - 20    | ubuntu          | jammy           | amd64/ga-22.04-lowlatency
2025-11-18T18:52:56.654876 - 21    | ubuntu          | jammy           | amd64/hwe-22.04
2025-11-18T18:52:56.655071 - 22    | ubuntu          | jammy           | amd64/hwe-22.04-edge
2025-11-18T18:52:56.655345 - 23    | ubuntu          | jammy           | amd64/hwe-22.04-lowlatency
2025-11-18T18:52:56.655584 - 24    | ubuntu          | jammy           | amd64/hwe-22.04-lowlatency-edge
2025-11-18T18:52:56.655808 - 25    | ubuntu          | jammy           | arm64/ga-22.04
2025-11-18T18:52:56.656007 - 26    | ubuntu          | jammy           | arm64/hwe-22.04
2025-11-18T18:52:56.656197 - 27    | ubuntu          | jammy           | arm64/hwe-22.04-edge
2025-11-18T18:52:56.656391 - 28    | ubuntu          | jammy           | arm64/hwe-22.04-lowlatency
2025-11-18T18:52:56.656665 - 29    | ubuntu          | jammy           | arm64/hwe-22.04-lowlatency-edge
2025-11-18T18:52:56.656901 - 30    | ubuntu          | jammy           | arm64/xgene-uboot
2025-11-18T18:52:56.657108 - 31    | ubuntu          | jammy           | arm64/xgene-uboot-mustang
2025-11-18T18:52:56.657300 - 11    | ubuntu          | mantic          | amd64/ga-23.10
2025-11-18T18:52:56.657493 - 12    | ubuntu          | mantic          | amd64/ga-23.10-lowlatency
2025-11-18T18:52:56.657682 - 13    | ubuntu          | mantic          | arm64/ga-23.10
2025-11-18T18:52:56.657868 - 5     | ubuntu          | noble           | amd64/ga-24.04
2025-11-18T18:52:56.658051 - 6     | ubuntu          | noble           | amd64/ga-24.04-lowlatency
2025-11-18T18:52:56.658234 - 7     | ubuntu          | noble           | amd64/hwe-24.04
2025-11-18T18:52:56.658411 - 8     | ubuntu          | noble           | amd64/hwe-24.04-edge
2025-11-18T18:52:56.658588 - 9     | ubuntu          | noble           | amd64/hwe-24.04-lowlatency
2025-11-18T18:52:56.658765 - 10    | ubuntu          | noble           | amd64/hwe-24.04-lowlatency-edge
2025-11-18T18:52:56.659181 - 14    | ubuntu          | noble           | arm64/ga-24.04
2025-11-18T18:52:56.659522 - 15    | ubuntu          | noble           | arm64/hwe-24.04
2025-11-18T18:52:56.659766 - 16    | ubuntu          | noble           | arm64/hwe-24.04-edge
2025-11-18T18:52:56.660001 - 17    | ubuntu          | noble           | arm64/hwe-24.04-lowlatency
2025-11-18T18:52:56.660229 - 18    | ubuntu          | noble           | arm64/hwe-24.04-lowlatency-edge
2025-11-18T18:52:56.660455 - 32    | centos          | 9-stream        | amd64/generic
2025-11-18T18:52:56.660678 - 33    | centos          | 9-stream        | arm64/generic
2025-11-18T18:52:56.660901 - 40    | rhel            | rhel10          | amd64/generic
2025-11-18T18:52:56.661127 - 39    | -               | -               | amd64/generic
2025-11-18T18:52:56.661351 - 37    | -               | -               | arm64/generic
2025-11-18T18:53:28.819514 - 
Machine Details
------------------------------------------------------------
2025-11-18T18:53:28.821000 - Name:             braggi01
System ID:        xxcwcs
Status:           Deployed
OS Distro:        jammy
OS Type:          ubuntu
Owner:            User
Power Type:       ipmi
Power Status:     PowerState.ON
2025-11-18T18:54:36.538985 - 
Machine Details
------------------------------------------------------------
2025-11-18T18:54:36.540512 - Name:             braggi01
System ID:        xxcwcs
Status:           Deployed
OS Distro:        jammy
OS Type:          ubuntu
Owner:            User
Power Type:       ipmi
Power Status:     PowerState.ON
2025-11-18T18:55:47.155065 - 
Machine Details
------------------------------------------------------------
2025-11-18T18:55:47.157000 - Name:             confusa02
System ID:        ksdh6a
Status:           Allocated
OS Distro:        
OS Type:          
Owner:            User
Power Type:       ipmi
Power Status:     PowerState.ON
2025-11-18T18:59:52.032338 - 
Machine Details
------------------------------------------------------------
2025-11-18T18:59:52.034676 - Name:             confusa02
System ID:        ksdh6a
Status:           Allocated
OS Distro:        
OS Type:          
Owner:            -
Power Type:       ipmi
Power Status:     PowerState.ON
2025-11-18T19:02:43.542862 - 
Machine Details
------------------------------------------------------------
2025-11-18T19:02:43.544896 - Name:             confusa02
System ID:        ksdh6a
Status:           Allocated
OS Distro:        
OS Type:          
Owner:            -
Power Type:       ipmi
Power Status:     PowerState.ON
2025-11-18T19:02:43.546304 - [ERROR] No OS detected for machine 'confusa02'. Please select the desired OS using --os option to perform the reimage.
2025-11-18T19:03:31.118190 - 
Machine Details
------------------------------------------------------------
2025-11-18T19:03:31.119564 - Name:             confusa02
System ID:        ksdh6a
Status:           Allocated
OS Distro:        
OS Type:          
Owner:            -
Power Type:       ipmi
Power Status:     PowerState.ON
2025-11-18T19:03:41.225026 - [ACTION] Reimaging confusa02 using OS 'jammy'...
2025-11-18T19:13:45.086775 - [ERROR] Reimage timeout for confusa02.
2025-11-18T19:21:47.518242 - Hostname             | System ID  | Status     | OS        
2025-11-18T19:21:47.519708 - -----------------------------------------------------------------
2025-11-18T19:21:47.520003 - confusa01            | erwppa     | Allocated  |           
2025-11-18T19:21:47.520246 - incerta08            | e3hbwr     | New        |           
2025-11-18T19:21:47.520484 - omani002             | bqk3ge     | Deployed   |           
2025-11-18T19:21:47.520846 - smithi004            | 6kqcxb     | Deployed   | jammy     
2025-11-18T19:21:47.521074 - smithi015            | h8eaq4     | Ready      |           
2025-11-18T19:21:47.521300 - smithi034            | rnhtk4     | Allocated  |           
2025-11-18T19:21:47.521528 - smithi108            | x7et47     | Deployed   | 9-stream  
2025-11-18T19:21:47.521753 - smithi147            | p4f766     | Deployed   | 9-stream  
2025-11-18T19:21:47.521977 - incerta02            | 664qmy     | New        |           
2025-11-18T19:21:47.522200 - incerta03            | kqaxm3     | New        |           
2025-11-18T19:21:47.522424 - incerta04            | cm8a46     | New        |           
2025-11-18T19:21:47.522647 - adami01              | f3tqfp     | Deployed   | jammy     
2025-11-18T19:21:47.522872 - adami02              | 8k73pr     | Allocated  |           
2025-11-18T19:21:47.523204 - adami03              | rayt3b     | Allocated  |           
2025-11-18T19:21:47.523464 - adami04              | k48a4y     | Allocated  |           
2025-11-18T19:21:47.523702 - adami05              | 6tttwd     | Deployed   | jammy     
2025-11-18T19:21:47.523927 - adami06              | hsab36     | Allocated  |           
2025-11-18T19:21:47.524156 - adami07              | gnmttw     | Deployed   | jammy     
2025-11-18T19:21:47.524382 - adami08              | eant8f     | Deployed   | 9-stream  
2025-11-18T19:21:47.524603 - adami09              | a4dae7     | Deploying  | jammy     
2025-11-18T19:21:47.524834 - adami10              | m8hpw6     | Deployed   | 9-stream  
2025-11-18T19:21:47.525051 - confusa02            | ksdh6a     | Deploying  | jammy     
2025-11-18T19:21:47.525266 - confusa03            | e7dwrh     | Allocated  |           
2025-11-18T19:21:47.525487 - confusa04            | 7ehyxt     | Allocated  |           
2025-11-18T19:21:47.525706 - confusa05            | pdawwb     | Allocated  |           
2025-11-18T19:21:47.525920 - confusa06            | enhefn     | Allocated  |           
2025-11-18T19:21:47.526137 - confusa07            | x8ktgh     | Allocated  |           
2025-11-18T19:21:47.526406 - confusa08            | g8pw3x     | Allocated  |           
2025-11-18T19:21:47.526616 - confusa10            | kkgf43     | Deployed   | 9-stream  
2025-11-18T19:21:47.526825 - confusa11            | b4tcdt     | Deployed   | noble     
2025-11-18T19:21:47.527034 - confusa12            | twyrs3     | Allocated  |           
2025-11-18T19:21:47.527243 - confusa13            | 78tdd3     | Failed commissioning |           
2025-11-18T19:21:47.527454 - confusa14            | w8ddrg     | Allocated  |           
2025-11-18T19:21:47.527666 - omani001             | wd7f36     | Allocated  |           
2025-11-18T19:21:47.527880 - omani003             | a47776     | Deployed   | noble     
2025-11-18T19:21:47.528086 - omani004             | qxafrm     | Deployed   | noble     
2025-11-18T19:21:47.528296 - omani005             | ayyn8e     | Allocated  |           
2025-11-18T19:21:47.528504 - omani006             | cte77n     | Broken     |           
2025-11-18T19:21:47.528714 - omani007             | rbx68a     | Allocated  |           
2025-11-18T19:21:47.528926 - omani008             | qsqedf     | Allocated  |           
2025-11-18T19:21:47.529134 - omani009             | np8y6f     | Failed commissioning |           
2025-11-18T19:21:47.529338 - omani010             | f3phwb     | Allocated  |           
2025-11-18T19:21:47.529542 - irvingi01            | kqrcx4     | Ready      |           
2025-11-18T19:21:47.529752 - irvingi02            | gghwhd     | Deployed   | jammy     
2025-11-18T19:21:47.529959 - irvingi03            | hw3h8x     | Deployed   | jammy     
2025-11-18T19:21:47.530164 - irvingi04            | n67y3g     | Deployed   | jammy     
2025-11-18T19:21:47.530380 - irvingi05            | wsskrw     | Deployed   | jammy     
2025-11-18T19:21:47.530595 - irvingi06            | cwfbm7     | Deployed   | jammy     
2025-11-18T19:21:47.530801 - irvingi07            | nabcab     | Deployed   | jammy     
2025-11-18T19:21:47.531204 - irvingi08            | kbykkp     | Ready      |           
2025-11-18T19:21:47.531495 - braggi01             | xxcwcs     | Deployed   | jammy     
2025-11-18T19:21:47.531727 - braggi02             | 7y8rp8     | Deployed   | jammy     
2025-11-18T19:21:47.531952 - braggi03             | xndrfr     | Deployed   | jammy     
2025-11-18T19:21:47.532174 - braggi04             | 43ptc8     | Deployed   | 9-stream  
2025-11-18T19:21:47.532398 - braggi05             | wcrhdk     | Allocated  |           
2025-11-18T19:21:47.532617 - braggi06             | qrebpa     | Deployed   | 9-stream  
2025-11-18T19:21:47.532838 - braggi07             | cec3xk     | Deployed   | 9-stream  
2025-11-18T19:21:47.533056 - braggi08             | 6m3f8y     | Allocated  |           
2025-11-18T19:21:47.533280 - braggi09             | cxpyab     | Allocated  |           
2025-11-18T19:21:47.533500 - braggi10             | n8etyc     | Allocated  |           
2025-11-18T19:21:47.533715 - braggi11             | x8c7d6     | Deployed   | jammy     
2025-11-18T19:21:47.533932 - braggi12             | hbrbsb     | Allocated  |           
2025-11-18T19:21:47.534149 - braggi13             | 6rqakh     | Allocated  |           
2025-11-18T19:21:47.534346 - braggi14             | xtysxg     | Deployed   | 9-stream  
2025-11-18T19:21:47.534543 - braggi15             | gyahnb     | Allocated  |           
2025-11-18T19:21:47.534742 - braggi16             | bgxfb7     | Deployed   | 9-stream  
2025-11-18T19:21:47.535005 - braggi17             | h74db3     | Deployed   | jammy     
2025-11-18T19:21:47.535211 - braggi18             | awbqm3     | Deployed   | noble     
2025-11-18T19:21:47.535419 - braggi22             | 4pp7aa     | Allocated  |           
2025-11-18T19:21:47.535619 - sulcata02            | pfh3pf     | Failed commissioning |           
2025-11-18T19:21:47.535832 - braggi20             | 4r44k6     | Deployed   | jammy     
2025-11-18T19:21:47.536027 - braggi19             | k7nfqc     | Deployed   | 9-stream  
2025-11-18T19:21:47.536283 - gibba004             | 7qcacw     | Deployed   | noble     
2025-11-18T19:21:47.536484 - gibba005             | ehfgy8     | Deployed   | noble     
2025-11-18T19:21:47.536683 - gibba006             | gqpysn     | Deployed   | noble     
2025-11-18T19:21:47.536894 - gibba008             | xynwxt     | Allocated  |           
2025-11-18T19:21:47.537099 - gibba009             | 8hfsy8     | Allocated  |           
2025-11-18T19:21:47.537300 - gibba010             | p8fsyp     | Allocated  |           
2025-11-18T19:21:47.537497 - gibba003             | aqk6pm     | Deployed   | noble     
2025-11-18T19:21:47.537691 - refarch-r220-01      | ekx4yy     | Deployed   | noble     
2025-11-18T19:21:47.537897 - refarch-r220-02      | g43rt7     | Deployed   | 9-stream  
2025-11-18T19:21:47.538096 - refarch-r220-04      | k3rg6d     | Deployed   | 9-stream  
2025-11-18T19:21:47.538295 - refarch-r220-05      | d4hweb     | Ready      |           
2025-11-18T19:21:47.538496 - refarch-r220-06      | pm3e7q     | Deployed   | noble     
2025-11-18T19:21:47.538695 - direct-cub           | 7xtrk6     | New        |           
2025-11-18T19:21:47.538897 - vast-piglet          | rqa7qy     | New        |           
2025-11-18T19:22:20.285259 - 
Machine Details
------------------------------------------------------------
2025-11-18T19:22:20.285974 - Name:             confusa02
System ID:        ksdh6a
Status:           Deploying
OS Distro:        jammy
OS Type:          ubuntu
Owner:            -
Power Type:       ipmi
Power Status:     PowerState.ON
2025-11-18T19:22:27.354631 - [ACTION] Reimaging confusa02 using OS 'rhel10'...
2025-11-18T19:22:27.988854 - [ERROR] Failed to trigger reimage for confusa02: POST http://sepia-maas.front.sepia.ceph.com:5240/MAAS/api/2.0/machines/ksdh6a/?op=deploy -> HTTP 409 Conflict (Can't deploy a machine that is in the 'Deploying'…)
2025-11-18T19:31:03.777529 - 
Machine Details
------------------------------------------------------------
2025-11-18T19:31:03.779062 - Name:             confusa02
System ID:        ksdh6a
Status:           Deploying
OS Distro:        jammy
OS Type:          ubuntu
Owner:            -
Power Type:       ipmi
Power Status:     PowerState.ON
2025-11-18T19:31:10.982368 - [ACTION] Reimaging confusa02 using OS 'rhel10'...
2025-11-18T19:31:11.624552 - [ERROR] Failed to trigger reimage for confusa02: POST http://sepia-maas.front.sepia.ceph.com:5240/MAAS/api/2.0/machines/ksdh6a/?op=deploy -> HTTP 409 Conflict (Can't deploy a machine that is in the 'Deploying'…)
2025-11-18T19:38:41.260210 - 
Machine Details
------------------------------------------------------------
2025-11-18T19:38:41.260759 - Name:             confusa02
System ID:        ksdh6a
Status:           Deploying
OS Distro:        jammy
OS Type:          ubuntu
Owner:            -
Power Type:       ipmi
Power Status:     PowerState.ON
2025-11-18T19:38:41.261789 - [FORCE] Machine confusa02 is in 'Deploying'. Releasing for forced reimage...
2025-11-18T19:39:00.356355 - Hostname             | System ID  | Status     | OS        
2025-11-18T19:39:00.356548 - -----------------------------------------------------------------
2025-11-18T19:39:00.357184 - confusa01            | erwppa     | Allocated  |           
2025-11-18T19:39:00.357455 - incerta08            | e3hbwr     | New        |           
2025-11-18T19:39:00.357706 - omani002             | bqk3ge     | Deployed   |           
2025-11-18T19:39:00.358084 - smithi004            | 6kqcxb     | Deployed   | jammy     
2025-11-18T19:39:00.358304 - smithi015            | h8eaq4     | Ready      |           
2025-11-18T19:39:00.358532 - smithi034            | rnhtk4     | Allocated  |           
2025-11-18T19:39:00.358756 - smithi108            | x7et47     | Deployed   | 9-stream  
2025-11-18T19:39:00.358973 - smithi147            | p4f766     | Deployed   | 9-stream  
2025-11-18T19:39:00.359190 - incerta02            | 664qmy     | New        |           
2025-11-18T19:39:00.359416 - incerta03            | kqaxm3     | New        |           
2025-11-18T19:39:00.359703 - incerta04            | cm8a46     | New        |           
2025-11-18T19:39:00.359917 - adami01              | f3tqfp     | Deployed   | jammy     
2025-11-18T19:39:00.360343 - adami02              | 8k73pr     | Allocated  |           
2025-11-18T19:39:00.360672 - adami03              | rayt3b     | Allocated  |           
2025-11-18T19:39:00.360936 - adami04              | k48a4y     | Allocated  |           
2025-11-18T19:39:00.361196 - adami05              | 6tttwd     | Deployed   | jammy     
2025-11-18T19:39:00.361449 - adami06              | hsab36     | Allocated  |           
2025-11-18T19:39:00.361704 - adami07              | gnmttw     | Deployed   | jammy     
2025-11-18T19:39:00.361939 - adami08              | eant8f     | Deployed   | 9-stream  
2025-11-18T19:39:00.362165 - adami09              | a4dae7     | Deploying  | jammy     
2025-11-18T19:39:00.362396 - adami10              | m8hpw6     | Deployed   | 9-stream  
2025-11-18T19:39:00.362620 - confusa02            | ksdh6a     | Deploying  | jammy     
2025-11-18T19:39:00.362851 - confusa03            | e7dwrh     | Allocated  |           
2025-11-18T19:39:00.363075 - confusa04            | 7ehyxt     | Allocated  |           
2025-11-18T19:39:00.363302 - confusa05            | pdawwb     | Allocated  |           
2025-11-18T19:39:00.363528 - confusa06            | enhefn     | Allocated  |           
2025-11-18T19:39:00.363756 - confusa07            | x8ktgh     | Allocated  |           
2025-11-18T19:39:00.363981 - confusa08            | g8pw3x     | Allocated  |           
2025-11-18T19:39:00.364210 - confusa10            | kkgf43     | Deployed   | 9-stream  
2025-11-18T19:39:00.364432 - confusa11            | b4tcdt     | Deployed   | noble     
2025-11-18T19:39:00.364655 - confusa12            | twyrs3     | Allocated  |           
2025-11-18T19:39:00.364879 - confusa13            | 78tdd3     | Failed commissioning |           
2025-11-18T19:39:00.365105 - confusa14            | w8ddrg     | Allocated  |           
2025-11-18T19:39:00.365326 - omani001             | wd7f36     | Allocated  |           
2025-11-18T19:39:00.365549 - omani003             | a47776     | Deployed   | noble     
2025-11-18T19:39:00.365776 - omani004             | qxafrm     | Deployed   | noble     
2025-11-18T19:39:00.365998 - omani005             | ayyn8e     | Allocated  |           
2025-11-18T19:39:00.366232 - omani006             | cte77n     | Broken     |           
2025-11-18T19:39:00.366457 - omani007             | rbx68a     | Allocated  |           
2025-11-18T19:39:00.366684 - omani008             | qsqedf     | Allocated  |           
2025-11-18T19:39:00.366911 - omani009             | np8y6f     | Failed commissioning |           
2025-11-18T19:39:00.367140 - omani010             | f3phwb     | Allocated  |           
2025-11-18T19:39:00.367369 - irvingi01            | kqrcx4     | Ready      |           
2025-11-18T19:39:00.367721 - irvingi02            | gghwhd     | Deployed   | jammy     
2025-11-18T19:39:00.367998 - irvingi03            | hw3h8x     | Deployed   | jammy     
2025-11-18T19:39:00.368225 - irvingi04            | n67y3g     | Deployed   | jammy     
2025-11-18T19:39:00.368446 - irvingi05            | wsskrw     | Deployed   | jammy     
2025-11-18T19:39:00.368676 - irvingi06            | cwfbm7     | Deployed   | jammy     
2025-11-18T19:39:00.368916 - irvingi07            | nabcab     | Deployed   | jammy     
2025-11-18T19:39:00.369142 - irvingi08            | kbykkp     | Ready      |           
2025-11-18T19:39:00.369378 - braggi01             | xxcwcs     | Deployed   | jammy     
2025-11-18T19:39:00.369603 - braggi02             | 7y8rp8     | Deployed   | jammy     
2025-11-18T19:39:00.369828 - braggi03             | xndrfr     | Deployed   | jammy     
2025-11-18T19:39:00.370059 - braggi04             | 43ptc8     | Deployed   | 9-stream  
2025-11-18T19:39:00.370289 - braggi05             | wcrhdk     | Allocated  |           
2025-11-18T19:39:00.370508 - braggi06             | qrebpa     | Deployed   | 9-stream  
2025-11-18T19:39:00.370789 - braggi07             | cec3xk     | Deployed   | 9-stream  
2025-11-18T19:39:00.371014 - braggi08             | 6m3f8y     | Allocated  |           
2025-11-18T19:39:00.371237 - braggi09             | cxpyab     | Allocated  |           
2025-11-18T19:39:00.371448 - braggi10             | n8etyc     | Allocated  |           
2025-11-18T19:39:00.371652 - braggi11             | x8c7d6     | Deployed   | jammy     
2025-11-18T19:39:00.371852 - braggi12             | hbrbsb     | Allocated  |           
2025-11-18T19:39:00.372065 - braggi13             | 6rqakh     | Allocated  |           
2025-11-18T19:39:00.372323 - braggi14             | xtysxg     | Deployed   | 9-stream  
2025-11-18T19:39:00.372566 - braggi15             | gyahnb     | Allocated  |           
2025-11-18T19:39:00.372780 - braggi16             | bgxfb7     | Deployed   | 9-stream  
2025-11-18T19:39:00.372991 - braggi17             | h74db3     | Deployed   | jammy     
2025-11-18T19:39:00.373197 - braggi18             | awbqm3     | Deployed   | noble     
2025-11-18T19:39:00.373402 - braggi22             | 4pp7aa     | Allocated  |           
2025-11-18T19:39:00.373605 - sulcata02            | pfh3pf     | Failed commissioning |           
2025-11-18T19:39:00.373807 - braggi20             | 4r44k6     | Deployed   | jammy     
2025-11-18T19:39:00.374012 - braggi19             | k7nfqc     | Deployed   | 9-stream  
2025-11-18T19:39:00.374215 - gibba004             | 7qcacw     | Deployed   | noble     
2025-11-18T19:39:00.374412 - gibba005             | ehfgy8     | Deployed   | noble     
2025-11-18T19:39:00.374619 - gibba006             | gqpysn     | Deployed   | noble     
2025-11-18T19:39:00.374817 - gibba008             | xynwxt     | Allocated  |           
2025-11-18T19:39:00.375015 - gibba009             | 8hfsy8     | Allocated  |           
2025-11-18T19:39:00.375210 - gibba010             | p8fsyp     | Allocated  |           
2025-11-18T19:39:00.375411 - gibba003             | aqk6pm     | Deployed   | noble     
2025-11-18T19:39:00.375612 - refarch-r220-01      | ekx4yy     | Deployed   | noble     
2025-11-18T19:39:00.375811 - refarch-r220-02      | g43rt7     | Deployed   | 9-stream  
2025-11-18T19:39:00.376008 - refarch-r220-04      | k3rg6d     | Deployed   | 9-stream  
2025-11-18T19:39:00.376211 - refarch-r220-05      | d4hweb     | Ready      |           
2025-11-18T19:39:00.376407 - refarch-r220-06      | pm3e7q     | Deployed   | noble     
2025-11-18T19:39:00.376606 - direct-cub           | 7xtrk6     | New        |           
2025-11-18T19:39:00.376802 - vast-piglet          | rqa7qy     | New        |           
2025-11-18T19:39:27.030961 - ID    | OS Type         | Release         | Architecture
2025-11-18T19:39:27.032109 - ------------------------------------------------------------
2025-11-18T19:39:27.032508 - 35    | centos          | 8               | amd64/generic
2025-11-18T19:39:27.032712 - 34    | centos          | centos70        | amd64/generic
2025-11-18T19:39:27.032884 - 1     | grub-efi-signed | uefi            | amd64/generic
2025-11-18T19:39:27.033056 - 2     | grub-efi        | uefi            | arm64/generic
2025-11-18T19:39:27.033225 - 3     | grub-ieee1275   | open-firmware   | ppc64el/generic
2025-11-18T19:39:27.033384 - 4     | pxelinux        | pxe             | i386/generic
2025-11-18T19:39:27.033548 - 19    | ubuntu          | jammy           | amd64/ga-22.04
2025-11-18T19:39:27.033715 - 20    | ubuntu          | jammy           | amd64/ga-22.04-lowlatency
2025-11-18T19:39:27.033869 - 21    | ubuntu          | jammy           | amd64/hwe-22.04
2025-11-18T19:39:27.034022 - 22    | ubuntu          | jammy           | amd64/hwe-22.04-edge
2025-11-18T19:39:27.034167 - 23    | ubuntu          | jammy           | amd64/hwe-22.04-lowlatency
2025-11-18T19:39:27.034312 - 24    | ubuntu          | jammy           | amd64/hwe-22.04-lowlatency-edge
2025-11-18T19:39:27.034458 - 25    | ubuntu          | jammy           | arm64/ga-22.04
2025-11-18T19:39:27.034604 - 26    | ubuntu          | jammy           | arm64/hwe-22.04
2025-11-18T19:39:27.034825 - 27    | ubuntu          | jammy           | arm64/hwe-22.04-edge
2025-11-18T19:39:27.034959 - 28    | ubuntu          | jammy           | arm64/hwe-22.04-lowlatency
2025-11-18T19:39:27.035091 - 29    | ubuntu          | jammy           | arm64/hwe-22.04-lowlatency-edge
2025-11-18T19:39:27.035230 - 30    | ubuntu          | jammy           | arm64/xgene-uboot
2025-11-18T19:39:27.035360 - 31    | ubuntu          | jammy           | arm64/xgene-uboot-mustang
2025-11-18T19:39:27.035491 - 11    | ubuntu          | mantic          | amd64/ga-23.10
2025-11-18T19:39:27.035728 - 12    | ubuntu          | mantic          | amd64/ga-23.10-lowlatency
2025-11-18T19:39:27.035896 - 13    | ubuntu          | mantic          | arm64/ga-23.10
2025-11-18T19:39:27.036051 - 5     | ubuntu          | noble           | amd64/ga-24.04
2025-11-18T19:39:27.036214 - 6     | ubuntu          | noble           | amd64/ga-24.04-lowlatency
2025-11-18T19:39:27.036353 - 7     | ubuntu          | noble           | amd64/hwe-24.04
2025-11-18T19:39:27.036504 - 8     | ubuntu          | noble           | amd64/hwe-24.04-edge
2025-11-18T19:39:27.036639 - 9     | ubuntu          | noble           | amd64/hwe-24.04-lowlatency
2025-11-18T19:39:27.036814 - 10    | ubuntu          | noble           | amd64/hwe-24.04-lowlatency-edge
2025-11-18T19:39:27.036951 - 14    | ubuntu          | noble           | arm64/ga-24.04
2025-11-18T19:39:27.037256 - 15    | ubuntu          | noble           | arm64/hwe-24.04
2025-11-18T19:39:27.037490 - 16    | ubuntu          | noble           | arm64/hwe-24.04-edge
2025-11-18T19:39:27.037651 - 17    | ubuntu          | noble           | arm64/hwe-24.04-lowlatency
2025-11-18T19:39:27.037808 - 18    | ubuntu          | noble           | arm64/hwe-24.04-lowlatency-edge
2025-11-18T19:39:27.038036 - 32    | centos          | 9-stream        | amd64/generic
2025-11-18T19:39:27.038255 - 33    | centos          | 9-stream        | arm64/generic
2025-11-18T19:39:27.038471 - 40    | rhel            | rhel10          | amd64/generic
2025-11-18T19:39:27.038681 - 39    | -               | -               | amd64/generic
2025-11-18T19:39:27.038895 - 37    | -               | -               | arm64/generic
2025-11-18T19:40:59.530912 - 
Machine Details
------------------------------------------------------------
2025-11-18T19:40:59.531577 - Name:             irvingi08
System ID:        kbykkp
Status:           Ready
OS Distro:        
OS Type:          
Owner:            -
Power Type:       ipmi
Power Status:     PowerState.OFF
2025-11-18T19:41:36.170365 - 
Machine Details
------------------------------------------------------------
2025-11-18T19:41:36.171051 - Name:             irvingi08
System ID:        kbykkp
Status:           Ready
OS Distro:        
OS Type:          
Owner:            -
Power Type:       ipmi
Power Status:     PowerState.OFF
2025-11-18T19:41:36.171200 - [ERROR] No OS detected for machine 'irvingi08'. Please select the desired OS using --os option to perform the reimage.
2025-11-18T19:41:57.438335 - 
Machine Details
------------------------------------------------------------
2025-11-18T19:41:57.438833 - Name:             irvingi08
System ID:        kbykkp
Status:           Ready
OS Distro:        
OS Type:          
Owner:            -
Power Type:       ipmi
Power Status:     PowerState.OFF
2025-11-18T19:41:59.682022 - [ACTION] Reimaging irvingi08 using OS 'jammy'...
2025-11-18T19:48:43.514855 - [ERROR] Machine did not reach Ready state after forced release.
2025-11-18T19:52:06.580464 - [ERROR] Reimage timeout for irvingi08.
2025-11-18T20:04:40.382131 - Hostname             | System ID  | Status     | OS        
2025-11-18T20:04:40.383814 - -----------------------------------------------------------------
2025-11-18T20:04:40.384128 - confusa01            | erwppa     | Allocated  |           
2025-11-18T20:04:40.384383 - incerta08            | e3hbwr     | New        |           
2025-11-18T20:04:40.384631 - omani002             | bqk3ge     | Deployed   |           
2025-11-18T20:04:40.385054 - smithi004            | 6kqcxb     | Deployed   | jammy     
2025-11-18T20:04:40.385273 - smithi015            | h8eaq4     | Ready      |           
2025-11-18T20:04:40.385488 - smithi034            | rnhtk4     | Allocated  |           
2025-11-18T20:04:40.385702 - smithi108            | x7et47     | Deployed   | 9-stream  
2025-11-18T20:04:40.385916 - smithi147            | p4f766     | Deployed   | 9-stream  
2025-11-18T20:04:40.386126 - incerta02            | 664qmy     | New        |           
2025-11-18T20:04:40.386336 - incerta03            | kqaxm3     | New        |           
2025-11-18T20:04:40.386547 - incerta04            | cm8a46     | New        |           
2025-11-18T20:04:40.386762 - adami01              | f3tqfp     | Deployed   | jammy     
2025-11-18T20:04:40.386975 - adami02              | 8k73pr     | Allocated  |           
2025-11-18T20:04:40.387186 - adami03              | rayt3b     | Allocated  |           
2025-11-18T20:04:40.387398 - adami04              | k48a4y     | Allocated  |           
2025-11-18T20:04:40.387608 - adami05              | 6tttwd     | Deployed   | jammy     
2025-11-18T20:04:40.387817 - adami06              | hsab36     | Allocated  |           
2025-11-18T20:04:40.388034 - adami07              | gnmttw     | Deployed   | jammy     
2025-11-18T20:04:40.388245 - adami08              | eant8f     | Deployed   | 9-stream  
2025-11-18T20:04:40.388458 - adami09              | a4dae7     | Deploying  | jammy     
2025-11-18T20:04:40.388671 - adami10              | m8hpw6     | Deployed   | 9-stream  
2025-11-18T20:04:40.388883 - confusa02            | ksdh6a     | Deploying  | jammy     
2025-11-18T20:04:40.389092 - confusa03            | e7dwrh     | Allocated  |           
2025-11-18T20:04:40.389301 - confusa04            | 7ehyxt     | Allocated  |           
2025-11-18T20:04:40.389509 - confusa05            | pdawwb     | Allocated  |           
2025-11-18T20:04:40.389717 - confusa06            | enhefn     | Allocated  |           
2025-11-18T20:04:40.389925 - confusa07            | x8ktgh     | Allocated  |           
2025-11-18T20:04:40.390133 - confusa08            | g8pw3x     | Allocated  |           
2025-11-18T20:04:40.390343 - confusa10            | kkgf43     | Deployed   | 9-stream  
2025-11-18T20:04:40.390551 - confusa11            | b4tcdt     | Deployed   | noble     
2025-11-18T20:04:40.390758 - confusa12            | twyrs3     | Allocated  |           
2025-11-18T20:04:40.390967 - confusa13            | 78tdd3     | Failed commissioning |           
2025-11-18T20:04:40.391177 - confusa14            | w8ddrg     | Allocated  |           
2025-11-18T20:04:40.391388 - omani001             | wd7f36     | Allocated  |           
2025-11-18T20:04:40.391595 - omani003             | a47776     | Deployed   | noble     
2025-11-18T20:04:40.391802 - omani004             | qxafrm     | Deployed   | noble     
2025-11-18T20:04:40.392011 - omani005             | ayyn8e     | Allocated  |           
2025-11-18T20:04:40.392224 - omani006             | cte77n     | Broken     |           
2025-11-18T20:04:40.392435 - omani007             | rbx68a     | Allocated  |           
2025-11-18T20:04:40.392648 - omani008             | qsqedf     | Allocated  |           
2025-11-18T20:04:40.392857 - omani009             | np8y6f     | Failed commissioning |           
2025-11-18T20:04:40.393065 - omani010             | f3phwb     | Allocated  |           
2025-11-18T20:04:40.393276 - irvingi01            | kqrcx4     | Ready      |           
2025-11-18T20:04:40.393485 - irvingi02            | gghwhd     | Deployed   | jammy     
2025-11-18T20:04:40.393701 - irvingi03            | hw3h8x     | Deployed   | jammy     
2025-11-18T20:04:40.393908 - irvingi04            | n67y3g     | Deployed   | jammy     
2025-11-18T20:04:40.394115 - irvingi05            | wsskrw     | Deployed   | jammy     
2025-11-18T20:04:40.394323 - irvingi06            | cwfbm7     | Deployed   | jammy     
2025-11-18T20:04:40.394531 - irvingi07            | nabcab     | Deployed   | jammy     
2025-11-18T20:04:40.394775 - irvingi08            | kbykkp     | Deploying  | jammy     
2025-11-18T20:04:40.394972 - braggi01             | xxcwcs     | Deployed   | jammy     
2025-11-18T20:04:40.395165 - braggi02             | 7y8rp8     | Deployed   | jammy     
2025-11-18T20:04:40.395358 - braggi03             | xndrfr     | Deployed   | jammy     
2025-11-18T20:04:40.395548 - braggi04             | 43ptc8     | Deployed   | 9-stream  
2025-11-18T20:04:40.395739 - braggi05             | wcrhdk     | Allocated  |           
2025-11-18T20:04:40.395932 - braggi06             | qrebpa     | Deployed   | 9-stream  
2025-11-18T20:04:40.396122 - braggi07             | cec3xk     | Deployed   | 9-stream  
2025-11-18T20:04:40.396318 - braggi08             | 6m3f8y     | Allocated  |           
2025-11-18T20:04:40.396512 - braggi09             | cxpyab     | Allocated  |           
2025-11-18T20:04:40.396707 - braggi10             | n8etyc     | Allocated  |           
2025-11-18T20:04:40.396898 - braggi11             | x8c7d6     | Deployed   | jammy     
2025-11-18T20:04:40.397089 - braggi12             | hbrbsb     | Allocated  |           
2025-11-18T20:04:40.397281 - braggi13             | 6rqakh     | Allocated  |           
2025-11-18T20:04:40.397473 - braggi14             | xtysxg     | Deployed   | 9-stream  
2025-11-18T20:04:40.397664 - braggi15             | gyahnb     | Allocated  |           
2025-11-18T20:04:40.397856 - braggi16             | bgxfb7     | Deployed   | 9-stream  
2025-11-18T20:04:40.398046 - braggi17             | h74db3     | Deployed   | jammy     
2025-11-18T20:04:40.398238 - braggi18             | awbqm3     | Deployed   | noble     
2025-11-18T20:04:40.398428 - braggi22             | 4pp7aa     | Allocated  |           
2025-11-18T20:04:40.398620 - sulcata02            | pfh3pf     | Failed commissioning |           
2025-11-18T20:04:40.398811 - braggi20             | 4r44k6     | Deployed   | jammy     
2025-11-18T20:04:40.399003 - braggi19             | k7nfqc     | Deployed   | 9-stream  
2025-11-18T20:04:40.399194 - gibba004             | 7qcacw     | Deployed   | noble     
2025-11-18T20:04:40.399383 - gibba005             | ehfgy8     | Deployed   | noble     
2025-11-18T20:04:40.399574 - gibba006             | gqpysn     | Deployed   | noble     
2025-11-18T20:04:40.399765 - gibba008             | xynwxt     | Allocated  |           
2025-11-18T20:04:40.399958 - gibba009             | 8hfsy8     | Allocated  |           
2025-11-18T20:04:40.400154 - gibba010             | p8fsyp     | Allocated  |           
2025-11-18T20:04:40.400348 - gibba003             | aqk6pm     | Deployed   | noble     
2025-11-18T20:04:40.400544 - refarch-r220-01      | ekx4yy     | Deployed   | noble     
2025-11-18T20:04:40.400735 - refarch-r220-02      | g43rt7     | Deployed   | 9-stream  
2025-11-18T20:04:40.400926 - refarch-r220-04      | k3rg6d     | Deployed   | 9-stream  
2025-11-18T20:04:40.401119 - refarch-r220-05      | d4hweb     | Ready      |           
2025-11-18T20:04:40.401311 - refarch-r220-06      | pm3e7q     | Deployed   | noble     
2025-11-18T20:04:40.401501 - direct-cub           | 7xtrk6     | New        |           
2025-11-18T20:04:40.401693 - vast-piglet          | rqa7qy     | New        |           
2025-11-18T20:11:07.517091 - Hostname             | System ID  | Status     | OS        
2025-11-18T20:11:07.517283 - -----------------------------------------------------------------
2025-11-18T20:11:07.517976 - confusa01            | erwppa     | Allocated  |           
2025-11-18T20:11:07.518263 - incerta08            | e3hbwr     | New        |           
2025-11-18T20:11:07.518534 - omani002             | bqk3ge     | Deployed   |           
2025-11-18T20:11:07.518941 - smithi004            | 6kqcxb     | Deployed   | jammy     
2025-11-18T20:11:07.519197 - smithi015            | h8eaq4     | Ready      |           
2025-11-18T20:11:07.519451 - smithi034            | rnhtk4     | Allocated  |           
2025-11-18T20:11:07.519701 - smithi108            | x7et47     | Deployed   | 9-stream  
2025-11-18T20:11:07.519985 - smithi147            | p4f766     | Deployed   | 9-stream  
2025-11-18T20:11:07.520212 - incerta02            | 664qmy     | New        |           
2025-11-18T20:11:07.520433 - incerta03            | kqaxm3     | New        |           
2025-11-18T20:11:07.520652 - incerta04            | cm8a46     | New        |           
2025-11-18T20:11:07.520871 - adami01              | f3tqfp     | Deployed   | jammy     
2025-11-18T20:11:07.521091 - adami02              | 8k73pr     | Allocated  |           
2025-11-18T20:11:07.521309 - adami03              | rayt3b     | Allocated  |           
2025-11-18T20:11:07.521611 - adami04              | k48a4y     | Allocated  |           
2025-11-18T20:11:07.521891 - adami05              | 6tttwd     | Deployed   | jammy     
2025-11-18T20:11:07.522126 - adami06              | hsab36     | Allocated  |           
2025-11-18T20:11:07.522358 - adami07              | gnmttw     | Deployed   | jammy     
2025-11-18T20:11:07.522586 - adami08              | eant8f     | Deployed   | 9-stream  
2025-11-18T20:11:07.522843 - adami09              | a4dae7     | Deploying  | jammy     
2025-11-18T20:11:07.523124 - adami10              | m8hpw6     | Deployed   | 9-stream  
2025-11-18T20:11:07.523363 - confusa02            | ksdh6a     | Deploying  | jammy     
2025-11-18T20:11:07.523593 - confusa03            | e7dwrh     | Allocated  |           
2025-11-18T20:11:07.523820 - confusa04            | 7ehyxt     | Allocated  |           
2025-11-18T20:11:07.524044 - confusa05            | pdawwb     | Allocated  |           
2025-11-18T20:11:07.524264 - confusa06            | enhefn     | Allocated  |           
2025-11-18T20:11:07.524488 - confusa07            | x8ktgh     | Allocated  |           
2025-11-18T20:11:07.524711 - confusa08            | g8pw3x     | Allocated  |           
2025-11-18T20:11:07.524932 - confusa10            | kkgf43     | Deployed   | 9-stream  
2025-11-18T20:11:07.525156 - confusa11            | b4tcdt     | Deployed   | noble     
2025-11-18T20:11:07.525374 - confusa12            | twyrs3     | Allocated  |           
2025-11-18T20:11:07.525591 - confusa13            | 78tdd3     | Failed commissioning |           
2025-11-18T20:11:07.525808 - confusa14            | w8ddrg     | Allocated  |           
2025-11-18T20:11:07.526023 - omani001             | wd7f36     | Allocated  |           
2025-11-18T20:11:07.526239 - omani003             | a47776     | Deployed   | noble     
2025-11-18T20:11:07.526456 - omani004             | qxafrm     | Deployed   | noble     
2025-11-18T20:11:07.526673 - omani005             | ayyn8e     | Allocated  |           
2025-11-18T20:11:07.526891 - omani006             | cte77n     | Broken     |           
2025-11-18T20:11:07.527107 - omani007             | rbx68a     | Allocated  |           
2025-11-18T20:11:07.527323 - omani008             | qsqedf     | Allocated  |           
2025-11-18T20:11:07.527553 - omani009             | np8y6f     | Failed commissioning |           
2025-11-18T20:11:07.527772 - omani010             | f3phwb     | Allocated  |           
2025-11-18T20:11:07.527998 - irvingi01            | kqrcx4     | Ready      |           
2025-11-18T20:11:07.528216 - irvingi02            | gghwhd     | Deployed   | jammy     
2025-11-18T20:11:07.528433 - irvingi03            | hw3h8x     | Deployed   | jammy     
2025-11-18T20:11:07.528648 - irvingi04            | n67y3g     | Deployed   | jammy     
2025-11-18T20:11:07.528871 - irvingi05            | wsskrw     | Deployed   | jammy     
2025-11-18T20:11:07.529090 - irvingi06            | cwfbm7     | Deployed   | jammy     
2025-11-18T20:11:07.529314 - irvingi07            | nabcab     | Deployed   | jammy     
2025-11-18T20:11:07.529523 - irvingi08            | kbykkp     | Deploying  | jammy     
2025-11-18T20:11:07.529761 - braggi01             | xxcwcs     | Deployed   | jammy     
2025-11-18T20:11:07.529964 - braggi02             | 7y8rp8     | Deployed   | jammy     
2025-11-18T20:11:07.530163 - braggi03             | xndrfr     | Deployed   | jammy     
2025-11-18T20:11:07.530434 - braggi04             | 43ptc8     | Deployed   | 9-stream  
2025-11-18T20:11:07.530637 - braggi05             | wcrhdk     | Allocated  |           
2025-11-18T20:11:07.530830 - braggi06             | qrebpa     | Deployed   | 9-stream  
2025-11-18T20:11:07.531033 - braggi07             | cec3xk     | Deployed   | 9-stream  
2025-11-18T20:11:07.531221 - braggi08             | 6m3f8y     | Allocated  |           
2025-11-18T20:11:07.531408 - braggi09             | cxpyab     | Allocated  |           
2025-11-18T20:11:07.531602 - braggi10             | n8etyc     | Allocated  |           
2025-11-18T20:11:07.531789 - braggi11             | x8c7d6     | Deployed   | jammy     
2025-11-18T20:11:07.531976 - braggi12             | hbrbsb     | Allocated  |           
2025-11-18T20:11:07.532163 - braggi13             | 6rqakh     | Allocated  |           
2025-11-18T20:11:07.532351 - braggi14             | xtysxg     | Deployed   | 9-stream  
2025-11-18T20:11:07.532539 - braggi15             | gyahnb     | Allocated  |           
2025-11-18T20:11:07.532728 - braggi16             | bgxfb7     | Deployed   | 9-stream  
2025-11-18T20:11:07.532922 - braggi17             | h74db3     | Deployed   | jammy     
2025-11-18T20:11:07.533113 - braggi18             | awbqm3     | Deployed   | noble     
2025-11-18T20:11:07.533303 - braggi22             | 4pp7aa     | Allocated  |           
2025-11-18T20:11:07.533495 - sulcata02            | pfh3pf     | Failed commissioning |           
2025-11-18T20:11:07.533685 - braggi20             | 4r44k6     | Deployed   | jammy     
2025-11-18T20:11:07.533873 - braggi19             | k7nfqc     | Deployed   | 9-stream  
2025-11-18T20:11:07.534060 - gibba004             | 7qcacw     | Deployed   | noble     
2025-11-18T20:11:07.534247 - gibba005             | ehfgy8     | Deployed   | noble     
2025-11-18T20:11:07.534435 - gibba006             | gqpysn     | Deployed   | noble     
2025-11-18T20:11:07.534622 - gibba008             | xynwxt     | Allocated  |           
2025-11-18T20:11:07.534808 - gibba009             | 8hfsy8     | Allocated  |           
2025-11-18T20:11:07.534995 - gibba010             | p8fsyp     | Allocated  |           
2025-11-18T20:11:07.535184 - gibba003             | aqk6pm     | Deployed   | noble     
2025-11-18T20:11:07.535374 - refarch-r220-01      | ekx4yy     | Deployed   | noble     
2025-11-18T20:11:07.535561 - refarch-r220-02      | g43rt7     | Deployed   | 9-stream  
2025-11-18T20:11:07.535749 - refarch-r220-04      | k3rg6d     | Deployed   | 9-stream  
2025-11-18T20:11:07.535938 - refarch-r220-05      | d4hweb     | Ready      |           
2025-11-18T20:11:07.536126 - refarch-r220-06      | pm3e7q     | Deployed   | noble     
2025-11-18T20:11:07.536320 - direct-cub           | 7xtrk6     | New        |           
2025-11-18T20:11:07.536508 - vast-piglet          | rqa7qy     | New        |           
2025-11-18T20:11:31.989660 - 
Machine Details
------------------------------------------------------------
2025-11-18T20:11:31.990298 - Name:             irvingi08
System ID:        kbykkp
Status:           Deploying
OS Distro:        jammy
OS Type:          ubuntu
Owner:            -
Power Type:       ipmi
Power Status:     PowerState.OFF
2025-11-18T20:11:34.357992 - [ACTION] Reimaging irvingi08 using OS 'jammy'...
2025-11-18T20:11:35.000679 - [ERROR] Failed to trigger reimage for irvingi08: POST http://sepia-maas.front.sepia.ceph.com:5240/MAAS/api/2.0/machines/kbykkp/?op=deploy -> HTTP 409 Conflict (Can't deploy a machine that is in the 'Deploying'…)
2025-11-18T20:11:59.134375 - 
Machine Details
------------------------------------------------------------
2025-11-18T20:11:59.135206 - Name:             irvingi08
System ID:        kbykkp
Status:           Deploying
OS Distro:        jammy
OS Type:          ubuntu
Owner:            -
Power Type:       ipmi
Power Status:     PowerState.OFF
2025-11-18T20:11:59.135383 - [FORCE] Machine irvingi08 is in 'Deploying'. Aborting current deployment...
2025-11-18T20:16:59.404848 - [ERROR] Unable to abort deployment for irvingi08: 
2025-11-18T20:20:51.212839 - Hostname             | System ID  | Status     | OS        
2025-11-18T20:20:51.213947 - -----------------------------------------------------------------
2025-11-18T20:20:51.214259 - confusa01            | erwppa     | Allocated  |           
2025-11-18T20:20:51.214544 - incerta08            | e3hbwr     | New        |           
2025-11-18T20:20:51.214810 - omani002             | bqk3ge     | Deployed   |           
2025-11-18T20:20:51.215207 - smithi004            | 6kqcxb     | Deployed   | jammy     
2025-11-18T20:20:51.215463 - smithi015            | h8eaq4     | Ready      |           
2025-11-18T20:20:51.215715 - smithi034            | rnhtk4     | Allocated  |           
2025-11-18T20:20:51.215973 - smithi108            | x7et47     | Deployed   | 9-stream  
2025-11-18T20:20:51.216217 - smithi147            | p4f766     | Deployed   | 9-stream  
2025-11-18T20:20:51.216457 - incerta02            | 664qmy     | New        |           
2025-11-18T20:20:51.216708 - incerta03            | kqaxm3     | New        |           
2025-11-18T20:20:51.216956 - incerta04            | cm8a46     | New        |           
2025-11-18T20:20:51.217203 - adami01              | f3tqfp     | Deployed   | jammy     
2025-11-18T20:20:51.217446 - adami02              | 8k73pr     | Allocated  |           
2025-11-18T20:20:51.217691 - adami03              | rayt3b     | Allocated  |           
2025-11-18T20:20:51.217930 - adami04              | k48a4y     | Allocated  |           
2025-11-18T20:20:51.218172 - adami05              | 6tttwd     | Deployed   | jammy     
2025-11-18T20:20:51.218416 - adami06              | hsab36     | Allocated  |           
2025-11-18T20:20:51.218659 - adami07              | gnmttw     | Deployed   | jammy     
2025-11-18T20:20:51.218892 - adami08              | eant8f     | Deployed   | 9-stream  
2025-11-18T20:20:51.219110 - adami09              | a4dae7     | Deploying  | jammy     
2025-11-18T20:20:51.219324 - adami10              | m8hpw6     | Deployed   | 9-stream  
2025-11-18T20:20:51.219538 - confusa02            | ksdh6a     | Deploying  | jammy     
2025-11-18T20:20:51.219778 - confusa03            | e7dwrh     | Allocated  |           
2025-11-18T20:20:51.220000 - confusa04            | 7ehyxt     | Allocated  |           
2025-11-18T20:20:51.220231 - confusa05            | pdawwb     | Allocated  |           
2025-11-18T20:20:51.220477 - confusa06            | enhefn     | Allocated  |           
2025-11-18T20:20:51.220706 - confusa07            | x8ktgh     | Allocated  |           
2025-11-18T20:20:51.220928 - confusa08            | g8pw3x     | Allocated  |           
2025-11-18T20:20:51.221143 - confusa10            | kkgf43     | Deployed   | 9-stream  
2025-11-18T20:20:51.221357 - confusa11            | b4tcdt     | Deployed   | noble     
2025-11-18T20:20:51.221571 - confusa12            | twyrs3     | Allocated  |           
2025-11-18T20:20:51.221788 - confusa13            | 78tdd3     | Failed commissioning |           
2025-11-18T20:20:51.222006 - confusa14            | w8ddrg     | Allocated  |           
2025-11-18T20:20:51.222223 - omani001             | wd7f36     | Allocated  |           
2025-11-18T20:20:51.222432 - omani003             | a47776     | Deployed   | noble     
2025-11-18T20:20:51.222647 - omani004             | qxafrm     | Deployed   | noble     
2025-11-18T20:20:51.222859 - omani005             | ayyn8e     | Allocated  |           
2025-11-18T20:20:51.223081 - omani006             | cte77n     | Broken     |           
2025-11-18T20:20:51.223300 - omani007             | rbx68a     | Allocated  |           
2025-11-18T20:20:51.223518 - omani008             | qsqedf     | Allocated  |           
2025-11-18T20:20:51.223740 - omani009             | np8y6f     | Failed commissioning |           
2025-11-18T20:20:51.223956 - omani010             | f3phwb     | Allocated  |           
2025-11-18T20:20:51.224181 - irvingi01            | kqrcx4     | Ready      |           
2025-11-18T20:20:51.224536 - irvingi02            | gghwhd     | Deployed   | jammy     
2025-11-18T20:20:51.224798 - irvingi03            | hw3h8x     | Deployed   | jammy     
2025-11-18T20:20:51.225035 - irvingi04            | n67y3g     | Deployed   | jammy     
2025-11-18T20:20:51.225275 - irvingi05            | wsskrw     | Deployed   | jammy     
2025-11-18T20:20:51.225501 - irvingi06            | cwfbm7     | Deployed   | jammy     
2025-11-18T20:20:51.225722 - irvingi07            | nabcab     | Deployed   | jammy     
2025-11-18T20:20:51.225942 - irvingi08            | kbykkp     | Deploying  | jammy     
2025-11-18T20:20:51.226158 - braggi01             | xxcwcs     | Deployed   | jammy     
2025-11-18T20:20:51.226375 - braggi02             | 7y8rp8     | Deployed   | jammy     
2025-11-18T20:20:51.226599 - braggi03             | xndrfr     | Deployed   | jammy     
2025-11-18T20:20:51.226816 - braggi04             | 43ptc8     | Deployed   | 9-stream  
2025-11-18T20:20:51.227039 - braggi05             | wcrhdk     | Allocated  |           
2025-11-18T20:20:51.227256 - braggi06             | qrebpa     | Deployed   | 9-stream  
2025-11-18T20:20:51.227471 - braggi07             | cec3xk     | Deployed   | 9-stream  
2025-11-18T20:20:51.227720 - braggi08             | 6m3f8y     | Allocated  |           
2025-11-18T20:20:51.227938 - braggi09             | cxpyab     | Allocated  |           
2025-11-18T20:20:51.228155 - braggi10             | n8etyc     | Allocated  |           
2025-11-18T20:20:51.228371 - braggi11             | x8c7d6     | Deployed   | jammy     
2025-11-18T20:20:51.228576 - braggi12             | hbrbsb     | Allocated  |           
2025-11-18T20:20:51.228771 - braggi13             | 6rqakh     | Allocated  |           
2025-11-18T20:20:51.228965 - braggi14             | xtysxg     | Deployed   | 9-stream  
2025-11-18T20:20:51.229156 - braggi15             | gyahnb     | Allocated  |           
2025-11-18T20:20:51.229353 - braggi16             | bgxfb7     | Deployed   | 9-stream  
2025-11-18T20:20:51.229559 - braggi17             | h74db3     | Deployed   | jammy     
2025-11-18T20:20:51.229754 - braggi18             | awbqm3     | Deployed   | noble     
2025-11-18T20:20:51.229954 - braggi22             | 4pp7aa     | Allocated  |           
2025-11-18T20:20:51.230151 - sulcata02            | pfh3pf     | Failed commissioning |           
2025-11-18T20:20:51.230347 - braggi20             | 4r44k6     | Deployed   | jammy     
2025-11-18T20:20:51.230546 - braggi19             | k7nfqc     | Deployed   | 9-stream  
2025-11-18T20:20:51.230738 - gibba004             | 7qcacw     | Deployed   | noble     
2025-11-18T20:20:51.230931 - gibba005             | ehfgy8     | Deployed   | noble     
2025-11-18T20:20:51.231128 - gibba006             | gqpysn     | Deployed   | noble     
2025-11-18T20:20:51.231326 - gibba008             | xynwxt     | Allocated  |           
2025-11-18T20:20:51.231520 - gibba009             | 8hfsy8     | Allocated  |           
2025-11-18T20:20:51.231714 - gibba010             | p8fsyp     | Allocated  |           
2025-11-18T20:20:51.231911 - gibba003             | aqk6pm     | Deployed   | noble     
2025-11-18T20:20:51.232108 - refarch-r220-01      | ekx4yy     | Deployed   | noble     
2025-11-18T20:20:51.232303 - refarch-r220-02      | g43rt7     | Deployed   | 9-stream  
2025-11-18T20:20:51.232499 - refarch-r220-04      | k3rg6d     | Deployed   | 9-stream  
2025-11-18T20:20:51.232691 - refarch-r220-05      | d4hweb     | Ready      |           
2025-11-18T20:20:51.232883 - refarch-r220-06      | pm3e7q     | Deployed   | noble     
2025-11-18T20:20:51.233081 - direct-cub           | 7xtrk6     | New        |           
2025-11-18T20:20:51.233276 - vast-piglet          | rqa7qy     | New        |           
2025-11-18T20:21:10.460219 - 
Machine Details
------------------------------------------------------------
2025-11-18T20:21:10.460711 - Name:             confusa02
System ID:        ksdh6a
Status:           Deploying
OS Distro:        jammy
OS Type:          ubuntu
Owner:            -
Power Type:       ipmi
Power Status:     PowerState.ON
2025-11-18T20:21:31.246272 - 
Machine Details
------------------------------------------------------------
2025-11-18T20:21:31.246950 - Name:             braggi11
System ID:        x8c7d6
Status:           Deployed
OS Distro:        jammy
OS Type:          ubuntu
Owner:            -
Power Type:       ipmi
Power Status:     PowerState.ON
2025-11-18T20:24:35.150568 - 
Machine Details
------------------------------------------------------------
2025-11-18T20:24:35.151594 - Name:             braggi11
System ID:        x8c7d6
Status:           Deployed
OS Distro:        jammy
OS Type:          ubuntu
Owner:            User
Power Type:       ipmi
Power Status:     PowerState.ON
2025-11-19T11:01:33.950017 - Hostname             | System ID  | Status     | OS        
2025-11-19T11:01:33.951113 - -----------------------------------------------------------------
2025-11-19T11:01:33.951429 - confusa01            | erwppa     | Allocated  |           
2025-11-19T11:01:33.951804 - incerta08            | e3hbwr     | New        |           
2025-11-19T11:01:33.952382 - omani002             | bqk3ge     | Deployed   |           
2025-11-19T11:01:33.953009 - smithi004            | 6kqcxb     | Deployed   | jammy     
2025-11-19T11:01:33.953372 - smithi015            | h8eaq4     | Ready      |           
2025-11-19T11:01:33.953709 - smithi034            | rnhtk4     | Allocated  |           
2025-11-19T11:01:33.954227 - smithi108            | x7et47     | Deployed   | 9-stream  
2025-11-19T11:01:33.954583 - smithi147            | p4f766     | Deployed   | 9-stream  
2025-11-19T11:01:33.954817 - incerta02            | 664qmy     | New        |           
2025-11-19T11:01:33.955040 - incerta03            | kqaxm3     | New        |           
2025-11-19T11:01:33.955252 - incerta04            | cm8a46     | New        |           
2025-11-19T11:01:33.955473 - adami01              | f3tqfp     | Deployed   | jammy     
2025-11-19T11:01:33.955689 - adami02              | 8k73pr     | Allocated  |           
2025-11-19T11:01:33.955896 - adami03              | rayt3b     | Allocated  |           
2025-11-19T11:01:33.956104 - adami04              | k48a4y     | Allocated  |           
2025-11-19T11:01:33.956312 - adami05              | 6tttwd     | Deployed   | jammy     
2025-11-19T11:01:33.956523 - adami06              | hsab36     | Allocated  |           
2025-11-19T11:01:33.956743 - adami07              | gnmttw     | Deployed   | jammy     
2025-11-19T11:01:33.956952 - adami08              | eant8f     | Deployed   | 9-stream  
2025-11-19T11:01:33.957163 - adami09              | a4dae7     | Deploying  | jammy     
2025-11-19T11:01:33.957377 - adami10              | m8hpw6     | Deployed   | 9-stream  
2025-11-19T11:01:33.957584 - confusa02            | ksdh6a     | Deploying  | jammy     
2025-11-19T11:01:33.957790 - confusa03            | e7dwrh     | Allocated  |           
2025-11-19T11:01:33.958005 - confusa04            | 7ehyxt     | Allocated  |           
2025-11-19T11:01:33.958220 - confusa05            | pdawwb     | Allocated  |           
2025-11-19T11:01:33.958435 - confusa06            | enhefn     | Allocated  |           
2025-11-19T11:01:33.958644 - confusa07            | x8ktgh     | Allocated  |           
2025-11-19T11:01:33.958846 - confusa08            | g8pw3x     | Allocated  |           
2025-11-19T11:01:33.959051 - confusa10            | kkgf43     | Deployed   | 9-stream  
2025-11-19T11:01:33.959262 - confusa11            | b4tcdt     | Deployed   | noble     
2025-11-19T11:01:33.959470 - confusa12            | twyrs3     | Allocated  |           
2025-11-19T11:01:33.959678 - confusa13            | 78tdd3     | Failed commissioning |           
2025-11-19T11:01:33.959876 - confusa14            | w8ddrg     | Allocated  |           
2025-11-19T11:01:33.960080 - omani001             | wd7f36     | Allocated  |           
2025-11-19T11:01:33.960282 - omani003             | a47776     | Deployed   | noble     
2025-11-19T11:01:33.960751 - omani004             | qxafrm     | Deployed   | noble     
2025-11-19T11:01:33.960980 - omani005             | ayyn8e     | Allocated  |           
2025-11-19T11:01:33.961193 - omani006             | cte77n     | Broken     |           
2025-11-19T11:01:33.961397 - omani007             | rbx68a     | Allocated  |           
2025-11-19T11:01:33.961602 - omani008             | qsqedf     | Allocated  |           
2025-11-19T11:01:33.961809 - omani009             | np8y6f     | Failed commissioning |           
2025-11-19T11:01:33.962009 - omani010             | f3phwb     | Allocated  |           
2025-11-19T11:01:33.962211 - irvingi01            | kqrcx4     | Ready      |           
2025-11-19T11:01:33.962415 - irvingi02            | gghwhd     | Deployed   | jammy     
2025-11-19T11:01:33.962619 - irvingi03            | hw3h8x     | Deployed   | jammy     
2025-11-19T11:01:33.962816 - irvingi04            | n67y3g     | Deployed   | jammy     
2025-11-19T11:01:33.963015 - irvingi05            | wsskrw     | Deployed   | jammy     
2025-11-19T11:01:33.963221 - irvingi06            | cwfbm7     | Deployed   | jammy     
2025-11-19T11:01:33.963416 - irvingi07            | nabcab     | Deployed   | jammy     
2025-11-19T11:01:33.963621 - irvingi08            | kbykkp     | Deploying  | jammy     
2025-11-19T11:01:33.963820 - braggi01             | xxcwcs     | Deployed   | jammy     
2025-11-19T11:01:33.963996 - braggi02             | 7y8rp8     | Deployed   | jammy     
2025-11-19T11:01:33.964175 - braggi03             | xndrfr     | Deployed   | jammy     
2025-11-19T11:01:33.964358 - braggi04             | 43ptc8     | Deployed   | 9-stream  
2025-11-19T11:01:33.964535 - braggi05             | wcrhdk     | Allocated  |           
2025-11-19T11:01:33.964716 - braggi06             | qrebpa     | Deployed   | 9-stream  
2025-11-19T11:01:33.964894 - braggi07             | cec3xk     | Deployed   | 9-stream  
2025-11-19T11:01:33.965082 - braggi08             | 6m3f8y     | Allocated  |           
2025-11-19T11:01:33.965263 - braggi09             | cxpyab     | Allocated  |           
2025-11-19T11:01:33.965442 - braggi10             | n8etyc     | Allocated  |           
2025-11-19T11:01:33.965626 - braggi11             | x8c7d6     | Deployed   | jammy     
2025-11-19T11:01:33.965825 - braggi12             | hbrbsb     | Allocated  |           
2025-11-19T11:01:33.966013 - braggi13             | 6rqakh     | Allocated  |           
2025-11-19T11:01:33.966201 - braggi14             | xtysxg     | Deployed   | 9-stream  
2025-11-19T11:01:33.966389 - braggi15             | gyahnb     | Allocated  |           
2025-11-19T11:01:33.966612 - braggi16             | bgxfb7     | Deployed   | 9-stream  
2025-11-19T11:01:33.966895 - braggi17             | h74db3     | Deployed   | jammy     
2025-11-19T11:01:33.967146 - braggi18             | awbqm3     | Deployed   | noble     
2025-11-19T11:01:33.967396 - braggi22             | 4pp7aa     | Allocated  |           
2025-11-19T11:01:33.967652 - sulcata02            | pfh3pf     | Failed commissioning |           
2025-11-19T11:01:33.967932 - braggi20             | 4r44k6     | Deployed   | jammy     
2025-11-19T11:01:33.968216 - braggi19             | k7nfqc     | Deployed   | 9-stream  
2025-11-19T11:01:33.968508 - gibba004             | 7qcacw     | Deployed   | noble     
2025-11-19T11:01:33.968784 - gibba005             | ehfgy8     | Deployed   | noble     
2025-11-19T11:01:33.969034 - gibba006             | gqpysn     | Deployed   | noble     
2025-11-19T11:01:33.969281 - gibba008             | xynwxt     | Allocated  |           
2025-11-19T11:01:33.969534 - gibba009             | 8hfsy8     | Allocated  |           
2025-11-19T11:01:33.969778 - gibba010             | p8fsyp     | Allocated  |           
2025-11-19T11:01:33.970024 - gibba003             | aqk6pm     | Deployed   | noble     
2025-11-19T11:01:33.970267 - refarch-r220-01      | ekx4yy     | Deployed   | noble     
2025-11-19T11:01:33.970511 - refarch-r220-02      | g43rt7     | Deployed   | 9-stream  
2025-11-19T11:01:33.970824 - refarch-r220-04      | k3rg6d     | Deployed   | 9-stream  
2025-11-19T11:01:33.971072 - refarch-r220-05      | d4hweb     | Ready      |           
2025-11-19T11:01:33.971317 - refarch-r220-06      | pm3e7q     | Deployed   | noble     
2025-11-19T11:01:33.971535 - direct-cub           | 7xtrk6     | New        |           
2025-11-19T11:01:33.971720 - vast-piglet          | rqa7qy     | New        |           
2025-11-19T11:02:24.738144 - 
Machine Details
------------------------------------------------------------
2025-11-19T11:02:24.739046 - Name:             irvingi04
System ID:        n67y3g
Status:           Deployed
OS Distro:        jammy
OS Type:          ubuntu
Owner:            User
Power Type:       ipmi
Power Status:     PowerState.ON
2025-11-19T12:07:19.168003 - 
Machine Details
------------------------------------------------------------
2025-11-19T12:07:19.169372 - Name:             confusa02
System ID:        ksdh6a
Status:           Deploying
OS Distro:        jammy
OS Type:          ubuntu
Owner:            User
Power Type:       ipmi
Power Status:     PowerState.ON
2025-11-19T12:08:06.339612 - 
Machine Details
------------------------------------------------------------
2025-11-19T12:08:06.342884 - Name:             confusa02
System ID:        ksdh6a
Status:           Deploying
OS Distro:        jammy
OS Type:          ubuntu
Owner:            User
Power Type:       ipmi
Power Status:     PowerState.ON
2025-11-19T12:08:06.343879 - [FORCE] Machine confusa02 is in 'Deploying'. Aborting current deployment...
2025-11-19T12:13:06.843663 - [ERROR] Unable to abort deployment for confusa02: 
2025-11-19T12:56:28.686493 - 
Machine Details
------------------------------------------------------------
2025-11-19T12:56:28.689222 - Name:             confusa02
System ID:        ksdh6a
Status:           Deploying
OS Distro:        jammy
OS Type:          ubuntu
Owner:            User
Power Type:       ipmi
Power Status:     PowerState.ON
2025-11-19T13:30:59.311960 - 
Machine Details
------------------------------------------------------------
2025-11-19T13:30:59.314736 - Name:             confusa04
System ID:        7ehyxt
Status:           Allocated
OS Distro:        
OS Type:          
Owner:            User
Power Type:       ipmi
Power Status:     PowerState.ON
2025-11-19T13:33:31.027020 - 
Machine Details
------------------------------------------------------------
2025-11-19T13:33:31.028398 - Name:             confusa04
System ID:        7ehyxt
Status:           Allocated
OS Distro:        
OS Type:          
Owner:            User
Power Type:       ipmi
Power Status:     PowerState.ON
2025-11-19T13:33:31.028631 - [ERROR] No OS detected for machine 'confusa04'. Please select the desired OS using --os option to perform the reimage.
2025-11-19T13:36:47.776397 - 
Machine Details
------------------------------------------------------------
2025-11-19T13:36:47.778085 - Name:             confusa04
System ID:        7ehyxt
Status:           Allocated
OS Distro:        
OS Type:          
Owner:            User
Power Type:       ipmi
Power Status:     PowerState.ON
2025-11-19T13:36:49.825154 - [ACTION] Reimaging confusa04 using OS 'jammy'...
2025-11-19T13:46:58.348268 - [ERROR] Reimage timeout for confusa04.
2025-11-19T18:08:21.657769 - 
Machine Details
------------------------------------------------------------
2025-11-19T18:08:21.659816 - Name:             irvingi05
System ID:        wsskrw
Status:           Deployed
OS Distro:        jammy
OS Type:          ubuntu
Owner:            User
Power Type:       ipmi
Power Status:     PowerState.ON
2025-11-19T18:08:21.659983 - [ACTION] Releasing irvingi05 for reimage...
2025-11-19T18:08:21.660110 - [ACTION] Releasing irvingi05...
2025-11-19T18:13:21.901686 - [ERROR] Failed to release: 
2025-11-21T10:20:10.368381 - Hostname             | System ID  | Status     | OS        
2025-11-21T10:20:10.368933 - -----------------------------------------------------------------
2025-11-21T10:20:10.369283 - confusa01            | erwppa     | Allocated  |           
2025-11-21T10:20:10.369821 - incerta08            | e3hbwr     | New        |           
2025-11-21T10:20:10.370081 - omani002             | bqk3ge     | Deployed   |           
2025-11-21T10:20:10.370315 - smithi004            | 6kqcxb     | Deployed   | jammy     
2025-11-21T10:20:10.370532 - smithi015            | h8eaq4     | Ready      |           
2025-11-21T10:20:10.370750 - smithi034            | rnhtk4     | Releasing  |           
2025-11-21T10:20:10.370966 - smithi108            | x7et47     | Deployed   | 9-stream  
2025-11-21T10:20:10.371182 - smithi147            | p4f766     | Deployed   | 9-stream  
2025-11-21T10:20:10.371397 - incerta02            | 664qmy     | New        |           
2025-11-21T10:20:10.371616 - incerta03            | kqaxm3     | New        |           
2025-11-21T10:20:10.371835 - incerta04            | cm8a46     | New        |           
2025-11-21T10:20:10.372052 - adami01              | f3tqfp     | Deployed   | jammy     
2025-11-21T10:20:10.372270 - adami02              | 8k73pr     | Allocated  |           
2025-11-21T10:20:10.372489 - adami03              | rayt3b     | Allocated  |           
2025-11-21T10:20:10.372706 - adami04              | k48a4y     | Allocated  |           
2025-11-21T10:20:10.372922 - adami05              | 6tttwd     | Deployed   | jammy     
2025-11-21T10:20:10.373137 - adami06              | hsab36     | Allocated  |           
2025-11-21T10:20:10.373356 - adami07              | gnmttw     | Deployed   | jammy     
2025-11-21T10:20:10.373567 - adami08              | eant8f     | Deployed   | 9-stream  
2025-11-21T10:20:10.373781 - adami09              | a4dae7     | Deploying  | jammy     
2025-11-21T10:20:10.373999 - adami10              | m8hpw6     | Deployed   | 9-stream  
2025-11-21T10:20:10.374224 - confusa02            | ksdh6a     | Allocated  | jammy     
2025-11-21T10:20:10.374447 - confusa03            | e7dwrh     | Allocated  |           
2025-11-21T10:20:10.374660 - confusa04            | 7ehyxt     | Broken     |           
2025-11-21T10:20:10.374874 - confusa05            | pdawwb     | Allocated  |           
2025-11-21T10:20:10.375087 - confusa06            | enhefn     | Allocated  |           
2025-11-21T10:20:10.375306 - confusa07            | x8ktgh     | Allocated  |           
2025-11-21T10:20:10.375520 - confusa08            | g8pw3x     | Allocated  |           
2025-11-21T10:20:10.375733 - confusa10            | kkgf43     | Deployed   | 9-stream  
2025-11-21T10:20:10.376029 - confusa11            | b4tcdt     | Deployed   | noble     
2025-11-21T10:20:10.376293 - confusa12            | twyrs3     | Allocated  |           
2025-11-21T10:20:10.376552 - confusa13            | 78tdd3     | Failed commissioning |           
2025-11-21T10:20:10.376831 - confusa14            | w8ddrg     | Allocated  |           
2025-11-21T10:20:10.377067 - omani001             | wd7f36     | Allocated  |           
2025-11-21T10:20:10.377294 - omani003             | a47776     | Deployed   | noble     
2025-11-21T10:20:10.377517 - omani004             | qxafrm     | Deployed   | noble     
2025-11-21T10:20:10.377738 - omani005             | ayyn8e     | Allocated  |           
2025-11-21T10:20:10.377957 - omani006             | cte77n     | Broken     |           
2025-11-21T10:20:10.378166 - omani007             | rbx68a     | Allocated  |           
2025-11-21T10:20:10.378360 - omani008             | qsqedf     | Allocated  |           
2025-11-21T10:20:10.378552 - omani009             | np8y6f     | Failed commissioning |           
2025-11-21T10:20:10.378752 - omani010             | f3phwb     | Allocated  |           
2025-11-21T10:20:10.378948 - irvingi01            | kqrcx4     | Ready      |           
2025-11-21T10:20:10.379145 - irvingi02            | gghwhd     | Deployed   | jammy     
2025-11-21T10:20:10.379337 - irvingi03            | hw3h8x     | Deployed   | jammy     
2025-11-21T10:20:10.379527 - irvingi04            | n67y3g     | Releasing  |           
2025-11-21T10:20:10.379719 - irvingi05            | wsskrw     | Releasing  |           
2025-11-21T10:20:10.379912 - irvingi06            | cwfbm7     | Deployed   | jammy     
2025-11-21T10:20:10.380110 - irvingi07            | nabcab     | Deployed   | jammy     
2025-11-21T10:20:10.380305 - irvingi08            | kbykkp     | Allocated  | jammy     
2025-11-21T10:20:10.380496 - braggi01             | xxcwcs     | Deployed   | jammy     
2025-11-21T10:20:10.380688 - braggi02             | 7y8rp8     | Deployed   | jammy     
2025-11-21T10:20:10.380889 - braggi03             | xndrfr     | Deployed   | jammy     
2025-11-21T10:20:10.381091 - braggi04             | 43ptc8     | Deployed   | 9-stream  
2025-11-21T10:20:10.381293 - braggi05             | wcrhdk     | Allocated  |           
2025-11-21T10:20:10.381492 - braggi06             | qrebpa     | Deployed   | 9-stream  
2025-11-21T10:20:10.381686 - braggi07             | cec3xk     | Deployed   | 9-stream  
2025-11-21T10:20:10.381877 - braggi08             | 6m3f8y     | Allocated  |           
2025-11-21T10:20:10.382068 - braggi09             | cxpyab     | Allocated  |           
2025-11-21T10:20:10.382265 - braggi10             | n8etyc     | Allocated  |           
2025-11-21T10:20:10.382467 - braggi11             | x8c7d6     | Deployed   | jammy     
2025-11-21T10:20:10.382675 - braggi12             | hbrbsb     | Allocated  |           
2025-11-21T10:20:10.382882 - braggi13             | 6rqakh     | Allocated  |           
2025-11-21T10:20:10.383088 - braggi14             | xtysxg     | Deployed   | 9-stream  
2025-11-21T10:20:10.383290 - braggi15             | gyahnb     | Allocated  |           
2025-11-21T10:20:10.383488 - braggi16             | bgxfb7     | Deployed   | 9-stream  
2025-11-21T10:20:10.383685 - braggi17             | h74db3     | Deployed   | jammy     
2025-11-21T10:20:10.383880 - braggi18             | awbqm3     | Allocated  | jammy     
2025-11-21T10:20:10.384131 - braggi22             | 4pp7aa     | Allocated  |           
2025-11-21T10:20:10.384337 - sulcata02            | pfh3pf     | Failed commissioning |           
2025-11-21T10:20:10.384541 - braggi20             | 4r44k6     | Deployed   | jammy     
2025-11-21T10:20:10.384740 - braggi19             | k7nfqc     | Deployed   | 9-stream  
2025-11-21T10:20:10.384938 - gibba004             | 7qcacw     | Deployed   | noble     
2025-11-21T10:20:10.385135 - gibba005             | ehfgy8     | Deployed   | noble     
2025-11-21T10:20:10.385330 - gibba006             | gqpysn     | Deployed   | 9-stream  
2025-11-21T10:20:10.385525 - gibba008             | xynwxt     | Allocated  |           
2025-11-21T10:20:10.385721 - gibba009             | 8hfsy8     | Allocated  |           
2025-11-21T10:20:10.385918 - gibba010             | p8fsyp     | Allocated  |           
2025-11-21T10:20:10.386112 - gibba003             | aqk6pm     | Deployed   | noble     
2025-11-21T10:20:10.386311 - refarch-r220-01      | ekx4yy     | Deployed   | noble     
2025-11-21T10:20:10.386508 - refarch-r220-02      | g43rt7     | Deployed   | 9-stream  
2025-11-21T10:20:10.386706 - refarch-r220-04      | k3rg6d     | Deployed   | 9-stream  
2025-11-21T10:20:10.386908 - refarch-r220-05      | d4hweb     | Ready      |           
2025-11-21T10:20:10.387112 - refarch-r220-06      | pm3e7q     | Deployed   | noble     
2025-11-21T10:20:10.387307 - direct-cub           | 7xtrk6     | New        |           
2025-11-21T10:20:10.387505 - vast-piglet          | rqa7qy     | New        |           
2025-11-21T10:20:10.387702 - refarch-r220-07      | emfdpc     | New        |           
2025-11-21T10:20:34.851407 - 
Machine Details
------------------------------------------------------------
2025-11-21T10:20:34.853000 - Name:             irvingi08
System ID:        kbykkp
Status:           Allocated
OS Distro:        jammy
OS Type:          ubuntu
Owner:            User
Power Type:       ipmi
Power Status:     PowerState.OFF
2025-11-21T10:21:36.611988 - 
Machine Details
------------------------------------------------------------
2025-11-21T10:21:36.613565 - Name:             irvingi08
System ID:        kbykkp
Status:           Allocated
OS Distro:        jammy
OS Type:          ubuntu
Owner:            User
Power Type:       ipmi
Power Status:     PowerState.OFF
2025-11-21T10:21:39.774590 - [ACTION] Reimaging irvingi08 using OS 'jammy'...
2025-11-21T10:27:53.785977 - [SUCCESS] Reimage completed for irvingi08.
2025-11-21T10:27:53.786442 - [SUCCESS] Reimage completed for irvingi08.
2025-11-21T10:48:13.298205 - 
Machine Details
------------------------------------------------------------
2025-11-21T10:48:13.300914 - Name:             irvingi08
System ID:        kbykkp
Status:           Deployed
OS Distro:        jammy
OS Type:          ubuntu
Owner:            User
Power Type:       ipmi
Power Status:     PowerState.ON
2025-11-21T10:48:13.301247 - [ACTION] Assigning owner 'jitendra' to irvingi08 (current owner: User)
2025-11-21T10:48:13.301362 - [ERROR] Failed to assign owner to jitendra: 'Machine' object has no attribute 'acquire'
2025-11-21T11:02:17.953241 - 
Machine Details
------------------------------------------------------------
2025-11-21T11:02:17.955436 - Name:             irvingi08
System ID:        kbykkp
Status:           Deployed
OS Distro:        jammy
OS Type:          ubuntu
Owner:            -
Power Type:       ipmi
Power Status:     PowerState.ON
2025-11-21T11:19:30.790232 - 
Machine Details
------------------------------------------------------------
2025-11-21T11:19:30.793404 - Name:             irvingi08
System ID:        kbykkp
Status:           Deployed
OS Distro:        jammy
OS Type:          ubuntu
Owner (Tag):      -
Power Type:       ipmi
Power Status:     PowerState.ON
2025-11-21T11:24:58.389826 - 
Machine Details
------------------------------------------------------------
2025-11-21T11:24:58.392072 - Name:             irvingi08
System ID:        kbykkp
Status:           Deployed
OS Distro:        jammy
OS Type:          ubuntu
Owner:            -
Power Type:       ipmi
Power Status:     PowerState.ON
2025-11-21T11:52:50.680126 - Fetching details for irvingi08...
2025-11-21T11:52:51.671618 - 
Machine Details
------------------------------------------------------------
2025-11-21T11:52:51.672294 - Name:             irvingi08
System ID:        kbykkp
Status:           Deployed
OS Distro:        jammy
OS Type:          ubuntu
Owner:            -
Power Type:       ipmi
Power Status:     PowerState.ON
2025-11-21T11:57:02.327117 - Fetching details for irvingi08...
2025-11-21T11:57:03.315376 - 
Machine Details
------------------------------------------------------------
2025-11-21T11:57:03.316095 - Name:             irvingi08
System ID:        kbykkp
Status:           Deployed
OS Distro:        jammy
OS Type:          ubuntu
Owner:            -
Power Type:       ipmi
Power Status:     PowerState.ON
2025-11-21T11:57:04.429421 - Assigning tag 'jitendra' to irvingi08...
2025-11-21T11:57:06.141872 - [ACTION] Releasing irvingi08 for reimage...
2025-11-21T11:57:06.142711 - [ACTION] Releasing irvingi08...
2025-11-21T11:57:22.686956 - Fetching details for irvingi08...
2025-11-21T11:57:26.195081 - Assigning tag 'jitendra' to irvingi08...
2025-11-21T11:57:28.137365 - [ACTION] Reimaging irvingi08 using OS 'jammy'...
2025-11-21T12:03:40.609031 - [SUCCESS] Reimage completed for irvingi08.
2025-11-21T12:03:40.611225 - [INFO] Deployment timestamp for irvingi08: 2025-11-21T12:03:40.608442
2025-11-21T12:03:40.612764 - [SUCCESS] Reimage completed for irvingi08.
2025-11-21T12:03:40.613069 - [INFO] Reimage timestamp for irvingi08: 2025-11-21T12:03:40.612478
2025-11-21T12:05:47.792808 - Fetching details for irvingi04...
2025-11-21T12:05:48.920304 - 
Machine Details
------------------------------------------------------------
2025-11-21T12:05:48.921236 - Name:             irvingi04
System ID:        n67y3g
Status:           Releasing
OS Distro:        
OS Type:          
Owner:            -
Tags:             -
Power Type:       ipmi
Power Status:     PowerState.ON
2025-11-21T12:06:28.207898 - Fetching details for irvingi04...
2025-11-21T12:06:29.191057 - 
Machine Details
------------------------------------------------------------
2025-11-21T12:06:29.191693 - Name:             irvingi04
System ID:        n67y3g
Status:           Releasing
OS Distro:        
OS Type:          
Owner:            -
Tags:             -
Power Type:       ipmi
Power Status:     PowerState.ON
2025-11-21T12:06:30.288558 - Assigning tag 'jitendra' to irvingi04...
2025-11-21T12:06:31.820278 - [ERROR] No OS detected for machine 'irvingi04'. Provide --os.
2025-11-21T12:10:23.531338 - Fetching details for irvingi04...
2025-11-21T12:10:24.587026 - 
Machine Details
------------------------------------------------------------
2025-11-21T12:10:24.588502 - Name:             irvingi04
System ID:        n67y3g
Status:           Releasing
OS Distro:        
OS Type:          
Owner:            -
Tags:             -
Power Type:       ipmi
Power Status:     PowerState.ON
2025-11-21T12:10:25.704691 - Assigning tag 'jitendra' to irvingi04...
2025-11-21T12:10:27.272025 - Fetching details for irvingi04...
2025-11-21T12:10:28.377352 - 
Machine Details
------------------------------------------------------------
2025-11-21T12:16:16.061022 - Fetching details for irvingi04...
2025-11-21T12:16:17.139992 - 
Machine Details
------------------------------------------------------------
2025-11-21T12:16:17.140687 - Name:             irvingi04
System ID:        n67y3g
Status:           Releasing
OS Distro:        
OS Type:          
Owner:            -
Tags:             -
Power Type:       ipmi
Power Status:     PowerState.ON
2025-11-21T12:16:18.243247 - Assigning tag 'jitendra' to irvingi04...
2025-11-21T12:16:19.925820 - [ERROR] No OS detected for machine 'irvingi04'. Provide --os.
2025-11-21T12:17:03.067490 - Fetching details for irvingi04...
2025-11-21T12:17:04.163415 - 
Machine Details
------------------------------------------------------------
2025-11-21T12:17:04.164203 - Name:             irvingi04
System ID:        n67y3g
Status:           Releasing
OS Distro:        
OS Type:          
Owner:            -
Tags:             -
Power Type:       ipmi
Power Status:     PowerState.ON
2025-11-21T12:17:05.338120 - Assigning tag 'jitendra' to irvingi04...
2025-11-21T12:17:06.949299 - Fetching details for irvingi04...
2025-11-21T12:17:07.920945 - 
Machine Details
------------------------------------------------------------
2025-11-21T12:17:07.923519 - Name:             irvingi04
System ID:        n67y3g
Status:           Releasing
OS Distro:        
OS Type:          
Owner:            -
Tags:             -
Power Type:       ipmi
Power Status:     PowerState.ON
2025-11-21T12:17:10.089445 - Assigning tag 'jitendra' to irvingi04...
2025-11-21T12:17:11.747578 - [ACTION] Reimaging irvingi04 using OS 'jammy'...
2025-11-21T12:17:12.299793 - [ERROR] Failed to trigger reimage for irvingi04: POST http://sepia-maas.front.sepia.ceph.com:5240/MAAS/api/2.0/machines/n67y3g/?op=deploy -> HTTP 409 Conflict (Can't deploy a machine that is in the 'Releasing'…)
2025-11-21T12:18:43.224670 - Fetching details for irvingi04...
2025-11-21T12:18:44.211576 - 
Machine Details
------------------------------------------------------------
2025-11-21T12:18:44.212267 - Name:             irvingi04
System ID:        n67y3g
Status:           Broken
OS Distro:        
OS Type:          
Owner:            -
Tags:             -
Power Type:       ipmi
Power Status:     PowerState.ON
2025-11-21T12:18:45.335827 - Assigning tag 'jitendra' to irvingi04...
2025-11-21T12:18:46.978180 - Fetching details for irvingi04...
2025-11-21T12:18:47.950177 - 
Machine Details
------------------------------------------------------------
2025-11-21T12:18:47.951914 - Name:             irvingi04
System ID:        n67y3g
Status:           Broken
OS Distro:        
OS Type:          
Owner:            -
Tags:             -
Power Type:       ipmi
Power Status:     PowerState.ON
2025-11-21T12:18:50.266109 - Assigning tag 'jitendra' to irvingi04...
2025-11-21T12:18:51.876275 - [ERROR] irvingi04 cannot be reimaged (state: broken).
2025-11-21T12:49:04.026529 - Fetching details for irvingi05...
2025-11-21T12:49:04.995589 - 
Machine Details
------------------------------------------------------------
2025-11-21T12:49:04.996419 - Name:             irvingi05
System ID:        wsskrw
Status:           Ready
OS Distro:        
OS Type:          
Power Type:       ipmi
Power Status:     PowerState.OFF
2025-11-21T12:49:06.123142 - Assigning tag 'jitendra' to irvingi05...
2025-11-21T12:49:07.752775 - [ERROR] No OS detected for machine 'irvingi05'. Provide --os.
2025-11-21T12:49:38.192970 - Fetching details for irvingi05...
2025-11-21T12:49:39.190012 - 
Machine Details
------------------------------------------------------------
2025-11-21T12:49:39.190962 - Name:             irvingi05
System ID:        wsskrw
Status:           Ready
OS Distro:        
OS Type:          
Power Type:       ipmi
Power Status:     PowerState.OFF
2025-11-21T12:49:40.400302 - Assigning tag 'jitendra' to irvingi05...
2025-11-21T12:49:42.066819 - Fetching details for irvingi05...
2025-11-21T12:49:43.177661 - 
Machine Details
------------------------------------------------------------
2025-11-21T12:49:43.178825 - Name:             irvingi05
System ID:        wsskrw
Status:           Ready
OS Distro:        
OS Type:          
Power Type:       ipmi
Power Status:     PowerState.OFF
2025-11-21T12:49:45.330634 - Assigning tag 'jitendra' to irvingi05...
2025-11-21T12:49:46.971622 - [ACTION] Reimaging irvingi05 using OS 'jammy'...
2025-11-21T13:18:10.769831 - Fetching details for irvingi05...
2025-11-21T13:18:11.767318 - 
Machine Details
------------------------------------------------------------
2025-11-21T13:18:11.768687 - Name:             irvingi05
System ID:        wsskrw
Status:           Deployed
OS Distro:        jammy
OS Type:          ubuntu
Owner:            -
Tags:             -
Power Type:       ipmi
Power Status:     PowerState.ON
2025-11-21T13:18:12.927577 - Assigning tag 'jitendra' to irvingi05...
2025-11-21T13:18:14.484824 - [ACTION] Releasing irvingi05 for reimage...
2025-11-21T13:18:14.486267 - [ACTION] Releasing irvingi05...
2025-11-21T13:18:33.174782 - [ACTION] Reimaging irvingi05 using OS 'jammy'...
2025-11-21T13:43:36.878558 - Last deployed machine: omani002 (bqk3ge)
2025-11-21T13:46:55.519524 - Fetching available OS images...
2025-11-21T13:46:56.317626 - ID    | OS Type         | Release         | Architecture
2025-11-21T13:46:56.318268 - ------------------------------------------------------------
2025-11-21T13:46:56.319038 - 35    | centos          | 8               | amd64/generic
2025-11-21T13:46:56.319373 - 34    | centos          | centos70        | amd64/generic
2025-11-21T13:46:56.319669 - 1     | grub-efi-signed | uefi            | amd64/generic
2025-11-21T13:46:56.319965 - 2     | grub-efi        | uefi            | arm64/generic
2025-11-21T13:46:56.320272 - 3     | grub-ieee1275   | open-firmware   | ppc64el/generic
2025-11-21T13:46:56.320556 - 4     | pxelinux        | pxe             | i386/generic
2025-11-21T13:46:56.320851 - 19    | ubuntu          | jammy           | amd64/ga-22.04
2025-11-21T13:46:56.321144 - 20    | ubuntu          | jammy           | amd64/ga-22.04-lowlatency
2025-11-21T13:46:56.321436 - 21    | ubuntu          | jammy           | amd64/hwe-22.04
2025-11-21T13:46:56.321910 - 22    | ubuntu          | jammy           | amd64/hwe-22.04-edge
2025-11-21T13:46:56.322213 - 23    | ubuntu          | jammy           | amd64/hwe-22.04-lowlatency
2025-11-21T13:46:56.322577 - 24    | ubuntu          | jammy           | amd64/hwe-22.04-lowlatency-edge
2025-11-21T13:46:56.322864 - 25    | ubuntu          | jammy           | arm64/ga-22.04
2025-11-21T13:46:56.323155 - 26    | ubuntu          | jammy           | arm64/hwe-22.04
2025-11-21T13:46:56.323436 - 27    | ubuntu          | jammy           | arm64/hwe-22.04-edge
2025-11-21T13:46:56.323719 - 28    | ubuntu          | jammy           | arm64/hwe-22.04-lowlatency
2025-11-21T13:46:56.325142 - 29    | ubuntu          | jammy           | arm64/hwe-22.04-lowlatency-edge
2025-11-21T13:46:56.325462 - 30    | ubuntu          | jammy           | arm64/xgene-uboot
2025-11-21T13:46:56.325839 - 31    | ubuntu          | jammy           | arm64/xgene-uboot-mustang
2025-11-21T13:46:56.326140 - 11    | ubuntu          | mantic          | amd64/ga-23.10
2025-11-21T13:46:56.330581 - 12    | ubuntu          | mantic          | amd64/ga-23.10-lowlatency
2025-11-21T13:46:56.331472 - 13    | ubuntu          | mantic          | arm64/ga-23.10
2025-11-21T13:46:56.331807 - 5     | ubuntu          | noble           | amd64/ga-24.04
2025-11-21T13:46:56.332043 - 6     | ubuntu          | noble           | amd64/ga-24.04-lowlatency
2025-11-21T13:46:56.332263 - 7     | ubuntu          | noble           | amd64/hwe-24.04
2025-11-21T13:46:56.332478 - 8     | ubuntu          | noble           | amd64/hwe-24.04-edge
2025-11-21T13:46:56.332684 - 9     | ubuntu          | noble           | amd64/hwe-24.04-lowlatency
2025-11-21T13:46:56.332887 - 10    | ubuntu          | noble           | amd64/hwe-24.04-lowlatency-edge
2025-11-21T13:46:56.333090 - 14    | ubuntu          | noble           | arm64/ga-24.04
2025-11-21T13:46:56.333412 - 15    | ubuntu          | noble           | arm64/hwe-24.04
2025-11-21T13:46:56.333746 - 16    | ubuntu          | noble           | arm64/hwe-24.04-edge
2025-11-21T13:46:56.333998 - 17    | ubuntu          | noble           | arm64/hwe-24.04-lowlatency
2025-11-21T13:46:56.334494 - 18    | ubuntu          | noble           | arm64/hwe-24.04-lowlatency-edge
2025-11-21T13:46:56.334982 - 32    | centos          | 9-stream        | amd64/generic
2025-11-21T13:46:56.335340 - 33    | centos          | 9-stream        | arm64/generic
2025-11-21T13:46:56.335677 - 40    | rhel            | rhel10          | amd64/generic
2025-11-21T13:46:56.336019 - 39    | -               | -               | amd64/generic
2025-11-21T13:46:56.336344 - 37    | -               | -               | arm64/generic
2025-11-21T13:52:45.309539 - Fetching details for irvingi04...
2025-11-21T13:52:46.315732 - 
Machine Details
------------------------------------------------------------
2025-11-21T13:52:46.316818 - Name:             irvingi04
System ID:        n67y3g
Status:           Ready
OS Distro:        
OS Type:          
Power Type:       ipmi
Power Status:     PowerState.OFF
2025-11-21T13:54:46.320700 - Assigning tag 'jitendra' to irvingi04...
2025-11-21T13:54:49.869076 - [ACTION] Reimaging irvingi04 using OS 'jammy'...
2025-11-21T14:03:07.279625 - [SUCCESS] Reimage completed for irvingi04.
2025-11-21T14:03:07.279988 - [INFO] Deployment timestamp for irvingi04: 2025-11-21 14:03:07
2025-11-21T16:06:45.474741 - Fetching details for irvingi07...
2025-11-21T16:06:46.563101 - 
Machine Details
------------------------------------------------------------
2025-11-21T16:06:46.563823 - Name:             irvingi07
System ID:        nabcab
Status:           Deployed
OS Distro:        jammy
OS Type:          ubuntu
Power Type:       ipmi
Power Status:     PowerState.ON
2025-11-21T16:06:47.767943 - Assigning tag 'jitendra' to irvingi07...
2025-11-21T16:06:49.734333 - [ACTION] Releasing irvingi07 for reimage...
2025-11-21T16:06:49.735242 - [ACTION] Releasing irvingi07...
2025-11-21T16:07:08.537718 - [ACTION] Reimaging irvingi07 using OS 'jammy'...
2025-11-21T16:13:56.943996 - [SUCCESS] Reimage completed for irvingi07.
2025-11-21T16:13:56.944438 - [INFO] Deployment timestamp for irvingi07: 2025-11-21 16:13:56 IST
2025-11-21T16:13:56.945046 - [SUCCESS] Reimage completed for irvingi07.
2025-11-21T16:13:56.945279 - [INFO] Reimage timestamp for irvingi07: 2025-11-21 16:13:56 IST
2025-11-24T17:02:00.005600 - Hostname             | System ID  | Status     | OS        
2025-11-24T17:02:00.006825 - -----------------------------------------------------------------
2025-11-24T17:02:00.007080 - confusa01            | erwppa     | Allocated  |           
2025-11-24T17:02:00.007421 - incerta08            | e3hbwr     | New        |           
2025-11-24T17:02:00.007643 - omani002             | bqk3ge     | Deployed   |           
2025-11-24T17:02:00.007860 - smithi004            | 6kqcxb     | Deployed   | jammy     
2025-11-24T17:02:00.008161 - smithi015            | h8eaq4     | Ready      |           
2025-11-24T17:02:00.008388 - smithi034            | rnhtk4     | Releasing  |           
2025-11-24T17:02:00.008614 - smithi108            | x7et47     | Deployed   | 9-stream  
2025-11-24T17:02:00.008831 - smithi147            | p4f766     | Deployed   | 9-stream  
2025-11-24T17:02:00.009047 - incerta02            | 664qmy     | New        |           
2025-11-24T17:02:00.009262 - incerta03            | kqaxm3     | New        |           
2025-11-24T17:02:00.009471 - incerta04            | cm8a46     | New        |           
2025-11-24T17:02:00.009680 - adami01              | f3tqfp     | Deployed   | jammy     
2025-11-24T17:02:00.009889 - adami02              | 8k73pr     | Allocated  |           
2025-11-24T17:02:00.010097 - adami03              | rayt3b     | Allocated  |           
2025-11-24T17:02:00.010302 - adami04              | k48a4y     | Allocated  |           
2025-11-24T17:02:00.010506 - adami05              | 6tttwd     | Deployed   | jammy     
2025-11-24T17:02:00.010710 - adami06              | hsab36     | Allocated  |           
2025-11-24T17:02:00.010922 - adami07              | gnmttw     | Deployed   | jammy     
2025-11-24T17:02:00.011133 - adami08              | eant8f     | Deployed   | 9-stream  
2025-11-24T17:02:00.011366 - adami09              | a4dae7     | Deploying  | jammy     
2025-11-24T17:02:00.011578 - adami10              | m8hpw6     | Deployed   | 9-stream  
2025-11-24T17:02:00.011792 - confusa02            | ksdh6a     | Allocated  | jammy     
2025-11-24T17:02:00.012006 - confusa03            | e7dwrh     | Allocated  |           
2025-11-24T17:02:00.012220 - confusa04            | 7ehyxt     | Broken     |           
2025-11-24T17:02:00.012435 - confusa05            | pdawwb     | Allocated  |           
2025-11-24T17:02:00.012650 - confusa06            | enhefn     | Allocated  |           
2025-11-24T17:02:00.012866 - confusa07            | x8ktgh     | Allocated  |           
2025-11-24T17:02:00.013087 - confusa08            | g8pw3x     | Allocated  |           
2025-11-24T17:02:00.013271 - confusa10            | kkgf43     | Deployed   | 9-stream  
2025-11-24T17:02:00.013463 - confusa11            | b4tcdt     | Deployed   | noble     
2025-11-24T17:02:00.013648 - confusa12            | twyrs3     | Allocated  |           
2025-11-24T17:02:00.013842 - confusa13            | 78tdd3     | Failed commissioning |           
2025-11-24T17:02:00.014033 - confusa14            | w8ddrg     | Allocated  |           
2025-11-24T17:02:00.014223 - omani001             | wd7f36     | Allocated  |           
2025-11-24T17:02:00.014412 - omani003             | a47776     | Deployed   | noble     
2025-11-24T17:02:00.014680 - omani004             | qxafrm     | Deployed   | noble     
2025-11-24T17:02:00.014943 - omani005             | ayyn8e     | Allocated  |           
2025-11-24T17:02:00.015299 - omani006             | cte77n     | Broken     |           
2025-11-24T17:02:00.015519 - omani007             | rbx68a     | Allocated  |           
2025-11-24T17:02:00.015725 - omani008             | qsqedf     | Allocated  |           
2025-11-24T17:02:00.015929 - omani009             | np8y6f     | Failed commissioning |           
2025-11-24T17:02:00.016130 - omani010             | f3phwb     | Allocated  |           
2025-11-24T17:02:00.016333 - irvingi01            | kqrcx4     | Ready      |           
2025-11-24T17:02:00.016537 - irvingi02            | gghwhd     | Deployed   | jammy     
2025-11-24T17:02:00.016738 - irvingi03            | hw3h8x     | Deployed   | jammy     
2025-11-24T17:02:00.016933 - irvingi04            | n67y3g     | Deployed   | jammy     
2025-11-24T17:02:00.017127 - irvingi05            | wsskrw     | Deployed   | jammy     
2025-11-24T17:02:00.017322 - irvingi06            | cwfbm7     | Deployed   | jammy     
2025-11-24T17:02:00.017520 - irvingi07            | nabcab     | Deployed   | jammy     
2025-11-24T17:02:00.017714 - irvingi08            | kbykkp     | Deployed   | jammy     
2025-11-24T17:02:00.017916 - braggi01             | xxcwcs     | Deployed   | jammy     
2025-11-24T17:02:00.018111 - braggi02             | 7y8rp8     | Deployed   | jammy     
2025-11-24T17:02:00.018312 - braggi03             | xndrfr     | Deployed   | jammy     
2025-11-24T17:02:00.018505 - braggi04             | 43ptc8     | Deployed   | 9-stream  
2025-11-24T17:02:00.018700 - braggi05             | wcrhdk     | Allocated  |           
2025-11-24T17:02:00.018896 - braggi06             | qrebpa     | Deployed   | 9-stream  
2025-11-24T17:02:00.019088 - braggi07             | cec3xk     | Deployed   | 9-stream  
2025-11-24T17:02:00.019284 - braggi08             | 6m3f8y     | Allocated  |           
2025-11-24T17:02:00.019475 - braggi09             | cxpyab     | Allocated  |           
2025-11-24T17:02:00.019670 - braggi10             | n8etyc     | Allocated  |           
2025-11-24T17:02:00.019867 - braggi11             | x8c7d6     | Deployed   | jammy     
2025-11-24T17:02:00.020065 - braggi12             | hbrbsb     | Allocated  |           
2025-11-24T17:02:00.020263 - braggi13             | 6rqakh     | Allocated  |           
2025-11-24T17:02:00.020464 - braggi14             | xtysxg     | Deployed   | 9-stream  
2025-11-24T17:02:00.020662 - braggi15             | gyahnb     | Allocated  |           
2025-11-24T17:02:00.020860 - braggi16             | bgxfb7     | Deployed   | 9-stream  
2025-11-24T17:02:00.021058 - braggi17             | h74db3     | Deployed   | jammy     
2025-11-24T17:02:00.021254 - braggi18             | awbqm3     | Allocated  | jammy     
2025-11-24T17:02:00.021447 - braggi22             | 4pp7aa     | Allocated  |           
2025-11-24T17:02:00.021638 - sulcata02            | pfh3pf     | Failed commissioning |           
2025-11-24T17:02:00.021831 - braggi20             | 4r44k6     | Deployed   | jammy     
2025-11-24T17:02:00.022023 - braggi19             | k7nfqc     | Deployed   | 9-stream  
2025-11-24T17:02:00.022216 - gibba004             | 7qcacw     | Deployed   | noble     
2025-11-24T17:02:00.022408 - gibba005             | ehfgy8     | Deployed   | noble     
2025-11-24T17:02:00.022600 - gibba006             | gqpysn     | Deployed   | 9-stream  
2025-11-24T17:02:00.022792 - gibba008             | xynwxt     | Allocated  |           
2025-11-24T17:02:00.022985 - gibba009             | 8hfsy8     | Allocated  |           
2025-11-24T17:02:00.023169 - gibba010             | p8fsyp     | Allocated  |           
2025-11-24T17:02:00.023348 - gibba003             | aqk6pm     | Deployed   | noble     
2025-11-24T17:02:00.023528 - refarch-r220-01      | ekx4yy     | Deploying  | 8         
2025-11-24T17:02:00.023707 - refarch-r220-02      | g43rt7     | Deployed   | 9-stream  
2025-11-24T17:02:00.023886 - refarch-r220-04      | k3rg6d     | Deployed   | 9-stream  
2025-11-24T17:02:00.024063 - refarch-r220-05      | d4hweb     | Deployed   | 8         
2025-11-24T17:02:00.024239 - refarch-r220-06      | pm3e7q     | Deployed   | noble     
2025-11-24T17:02:00.024416 - direct-cub           | 7xtrk6     | New        |           
2025-11-24T17:02:00.024668 - vast-piglet          | rqa7qy     | New        |           
2025-11-24T17:02:00.024871 - refarch-r220-07      | emfdpc     | New        |           
2025-11-27T15:21:45.258338 - Fetching details for irvingi08...
2025-11-27T15:21:46.475744 - 
Machine Details
------------------------------------------------------------
2025-11-27T15:21:46.476287 - Name:             irvingi08
System ID:        kbykkp
Status:           Deployed
OS Distro:        jammy
OS Type:          ubuntu
Power Type:       ipmi
Power Status:     PowerState.ON
2025-11-27T15:37:55.992455 - Fetching details for irvingi08...
2025-11-27T15:37:57.152785 - 
Machine Details
------------------------------------------------------------
2025-11-27T15:37:57.154856 - Name:             irvingi08
System ID:        kbykkp
Status:           Deployed
OS Distro:        jammy
OS Type:          ubuntu
Power Type:       ipmi
Power Status:     PowerState.ON
2025-11-27T19:46:41.758261 - [ERROR] Unable to fetch machines list: 
